code,issue,title,image,article
20120310_LDC661,20120310,Intra-regional exports,https://web.archive.org/web/20181130181357id_/https://cdn.static-economist.com/sites/default/files/images/2012/03/articles/body/20120310_LDC661.png,https://www.economist.com/node/21549939
20120317_LDC770,20120317,Equity risk premium,https://web.archive.org/web/20190331154342id_/https://www.economist.com/sites/default/files/images/print-edition/20120317_LDC770.png,https://www.economist.com/node/21550307
20120317_WBC761,20120317,Losing their fizz,https://web.archive.org/web/20190620151219id_/https://cdn.static-economist.com/sites/default/files/images/2012/03/articles/body/20120317_WBC761.png,https://www.economist.com/node/21550263
20120324_BRC797,20120324,"The chancellor giveth, the chancellor taketh away",https://web.archive.org/web/20200629135823id_/https://www.economist.com/sites/default/files/images/print-edition/20120324_BRC797.png,https://www.economist.com/node/21551078
20120324_FBC804,20120324,Not so hot,https://web.archive.org/web/20181130181410id_/https://cdn.static-economist.com/sites/default/files/images/2012/03/articles/body/20120324_FBC804.png,https://www.economist.com/node/21551050
20120324_FNC793,20120324,Parabolic,https://web.archive.org/web/20190921120342id_/https://cdn.static-economist.com/sites/default/files/images/print-edition/20120324_FNC793.png,https://www.economist.com/node/21551065
20120331_AMC833,20120331,Painful for the PAN,https://web.archive.org/web/20230729220404id_/https://www.economist.com/img/b/600/581/90/sites/default/files/images/2012/03/articles/body/20120331_AMC833.png,https://www.economist.com/node/21551488
20120331_BRC851,20120331,A lot and often,https://web.archive.org/web/20190620150900id_/https://cdn.static-economist.com/sites/default/files/images/print-edition/20120331_BRC851.png,https://www.economist.com/node/21551517
20120331_EUC844,20120331,East meets west,https://web.archive.org/web/20190620150907id_/https://cdn.static-economist.com/sites/default/files/images/print-edition/20120331_EUC844.png,https://www.economist.com/node/21551512
20120331_EUC854,20120331,Tightening to death,https://web.archive.org/web/20190530133150id_/https://cdn.static-economist.com/sites/default/files/images/print-edition/20120331_EUC854_0.png,https://www.economist.com/node/21551520
20120331_IRC847,20120331,Don't forget the nasty nineties,https://web.archive.org/web/20230729195901id_/https://www.economist.com/sites/default/files/images/print-edition/20120331_IRC847.png,https://www.economist.com/node/21551465
20120331_IRC850,20120331,Character study,https://web.archive.org/web/20191105082722id_/https://www.economist.com/sites/default/files/images/print-edition/20120331_IRC850.png,https://www.economist.com/node/21551466
20120407_FBC859,20120407,"We're number two, we try harder",https://web.archive.org/web/20180920134729id_/https://cdn.static-economist.com/sites/default/files/images/print-edition/20120407_FBC859_0.png,https://www.economist.com/node/21552193
20120407_IRC882,20120407,In the frame,https://web.archive.org/web/20190520171155id_/https://www.economist.com/sites/default/files/images/print-edition/20120407_IRC882.png,https://www.economist.com/node/21552197
20120407_WBC835,20120407,Rise and stall,https://web.archive.org/web/20181020113757id_/https://cdn.static-economist.com/sites/default/files/images/print-edition/20120407_WBC835.png,https://www.economist.com/node/21552206
20120407_WWC871,20120407,Carbon trading price,https://web.archive.org/web/20181020114940id_/https://cdn.static-economist.com/sites/default/files/images/print-edition/20120407_WWC871.png,https://www.economist.com/node/21552266
20120414_FNC013,20120414,Dependency cultures,https://web.archive.org/web/20190908225220id_/https://cdn.static-economist.com/sites/default/files/images/print-edition/20120414_FNC013.png,https://www.economist.com/node/21552582
20120414_INC021,20120414,Employment and growth in Asia,https://web.archive.org/web/20191021070041id_/https://www.economist.com/sites/default/files/images/print-edition/20120414_INC021.png,https://www.economist.com/node/21552610
20120421_EUC073,20120421,Better for some,https://web.archive.org/web/20230809194002id_/https://www.economist.com/sites/default/files/images/print-edition/20120421_EUC073.png,https://www.economist.com/node/21553079
20120421_INC070,20120421,GDP forecasts,https://web.archive.org/web/20230809202821id_/https://www.economist.com/sites/default/files/images/print-edition/20120421_INC070.png,https://www.economist.com/node/21553046
20120421_USC035,20120421,The choice,https://web.archive.org/web/20190316192603id_/https://cdn.static-economist.com/sites/default/files/images/print-edition/20120421_USC035.png,https://www.economist.com/node/21553030
20120428_USC095,20120428,The big bucks,https://web.archive.org/web/20181123073322id_/https://www.economist.com/sites/default/files/images/print-edition/20120428_USC095.png,https://www.economist.com/node/21553473
20120428_WWC112,20120428,Social Security and Medicare,https://web.archive.org/web/20230810005129id_/https://www.economist.com/sites/default/files/images/print-edition/20120428_WWC112.png,https://www.economist.com/node/21553516
20120505_FNC143,20120505,Returns to the past,https://web.archive.org/web/20180719200216id_/https://cdn.static-economist.com/sites/default/files/images/print-edition/20120505_FNC143.png,https://www.economist.com/node/21554193
20120505_IRC001,20120505,The hard sell,https://web.archive.org/web/20190222215542id_/https://cdn.static-economist.com/sites/default/files/images/print-edition/20120505_IRC001.png,https://www.economist.com/node/21554185
20120512_AMC201,20120512,What goes down,https://web.archive.org/web/20181208052046id_/https://www.economist.com/sites/default/files/images/print-edition/20120512_AMC201.png,https://www.economist.com/node/21554521
20120512_INC200,20120512,Global OTC derivatives,https://web.archive.org/web/20220711131152id_/https://www.economist.com/sites/default/files/images/print-edition/20120512_INC200.png,https://www.economist.com/node/21554558
20120512_USC177,20120512,This time it's different,https://web.archive.org/web/20220713080033id_/https://www.economist.com/sites/default/files/images/print-edition/20120512_USC177.png,https://www.economist.com/node/21554560
20120519_AMC246,20120519,Flowers for feathers,https://web.archive.org/web/20190620145625id_/https://cdn.static-economist.com/sites/default/files/images/print-edition/20120519_AMC246.png,https://www.economist.com/node/21555592
20120519_FBC244,20120519,Public enemy,https://web.archive.org/web/20181013012620id_/https://cdn.static-economist.com/sites/default/files/images/print-edition/20120519_FBC244.png,https://www.economist.com/node/21555552
20120519_FNC256,20120519,Outward bound,https://web.archive.org/web/20190328215651id_/https://cdn.static-economist.com/sites/default/files/images/print-edition/20120519_FNC256.png,https://www.economist.com/node/21555567
20120519_FNC257,20120519,Someone's still exposed,https://web.archive.org/web/20190328215644id_/https://cdn.static-economist.com/sites/default/files/images/print-edition/20120519_FNC257.png,https://www.economist.com/node/21555567
20120526_BRC288,20120526,Current affairs,https://web.archive.org/web/20230809171248id_/https://www.economist.com/sites/default/files/images/print-edition/20120526_BRC288.png,https://www.economist.com/node/21555941
20120526_FNC281,20120526,,https://web.archive.org/web/20230809224132id_/https://www.economist.com/img/b/1280/1240/90/sites/default/files/images/2012/05/articles/body/20120526_fnc281.png,https://www.economist.com/node/21555931
20120526_FNC292,20120526,Too big to screw up,https://web.archive.org/web/20230810005647id_/https://www.economist.com/sites/default/files/images/print-edition/20120526_FNC292.png,https://www.economist.com/node/21555909
20120526_WWC285,20120526,Share prices,https://web.archive.org/web/20230809221319id_/https://www.economist.com/sites/default/files/images/print-edition/20120526_WWC285.png,https://www.economist.com/node/21555974
20120602_MAC312,20120602,The nation divides,https://web.archive.org/web/20210117052844id_/https://www.economist.com/sites/default/files/images/print-edition/20120602_MAC312.png,https://www.economist.com/node/21556284
20120609_EUC363,20120609,Sub-par,https://web.archive.org/web/20190620145211id_/https://cdn.static-economist.com/sites/default/files/images/2012/06/articles/main/20120609_euc363.png,https://www.economist.com/node/21556619
20120609_EUC373,20120609,Popular through it all,https://web.archive.org/web/20190620145216id_/https://cdn.static-economist.com/sites/default/files/images/print-edition/20120609_EUC373.png,https://www.economist.com/node/21556571
20120609_LDC368,20120609,India's GDP,https://web.archive.org/web/20190924081804id_/https://www.economist.com/sites/default/files/images/print-edition/20120609_LDC368_1.png,https://www.economist.com/node/21556576
20120609_USC369,20120609,Time for the Fed to ease again?,https://web.archive.org/web/20191022133120id_/https://www.economist.com/sites/default/files/images/print-edition/20120609_USC369.png,https://www.economist.com/node/21556585
20120623_BRC468,20120623,Claimant count,https://web.archive.org/web/20230809225351id_/https://www.economist.com/sites/default/files/images/print-edition/20120623_BRC468.png,https://www.economist.com/node/21557359
20120623_INC457,20120623,European corporate debt,https://web.archive.org/web/20230918060504id_/https://www.economist.com/img/b/1280/720/90/sites/default/files/images/2012/06/articles/main/20120623_inc457.png,https://www.economist.com/node/21557279
20120630_ASC490,20120630,China in demand,https://web.archive.org/web/20190616083935id_/https://cdn.static-economist.com/sites/default/files/images/print-edition/20120630_ASC490.png,https://www.economist.com/node/21557764
20120630_INC512,20120630,Health-care spending,https://web.archive.org/web/20190616073333id_/https://cdn.static-economist.com/sites/default/files/images/2012/06/articles/main/20120630_inc512.png,https://www.economist.com/node/21557793
20120707_AMC537,20120707,Hotting up,https://web.archive.org/web/20180831141314id_/https://cdn.static-economist.com/sites/default/files/images/print-edition/20120707_AMC537.png,https://www.economist.com/node/21558303
20120707_ASC546,20120707,Not a clue,https://web.archive.org/web/20190620144709id_/https://cdn.static-economist.com/sites/default/files/images/print-edition/20120707_ASC546.png,https://www.economist.com/node/21558305
20120707_USC533,20120707,The march of progress,https://web.archive.org/web/20190622080121id_/https://www.economist.com/sites/default/files/images/print-edition/20120707_USC533.png,https://www.economist.com/node/21558265
20120707_WBC524,20120707,Asian values,https://web.archive.org/web/20190620144757id_/https://cdn.static-economist.com/sites/default/files/images/print-edition/20120707_WBC524.png,https://www.economist.com/node/21558321
20120714_ASC574,20120714,New source of addiction,https://web.archive.org/web/20190131111057id_/https://www.economist.com/sites/default/files/images/print-edition/20120714_ASC574.png,https://www.economist.com/node/21558635
20120714_BRC577,20120714,Driven to distraction,https://web.archive.org/web/20200628112429id_/https://www.economist.com/sites/default/files/images/print-edition/20120714_BRC577.png,https://www.economist.com/node/21558601
20120721_EUC633,20120721,Where the money is going,https://web.archive.org/web/20190507233831id_/https://cdn.static-economist.com/sites/default/files/images/print-edition/20120721_EUC633.png,https://www.economist.com/node/21559373
20120721_FNC632,20120721,Give me a lever long enough,https://web.archive.org/web/20200907103208id_/https://www.economist.com/sites/default/files/images/print-edition/20120721_FNC632_0.png,https://www.economist.com/node/21559336
20120721_INC641,20120721,Trade in commercial services,https://web.archive.org/web/20180726033653id_/https://cdn.static-economist.com/sites/default/files/images/print-edition/20120721_INC641.png,https://www.economist.com/node/21559355
20120728_BRC626,20120728,Seeing the wood,https://web.archive.org/web/20230728220907id_/https://www.economist.com/sites/default/files/images/print-edition/20120728_BRC626.png,https://www.economist.com/node/21559648
20120728_EUC696,20120728,Catching up,https://web.archive.org/web/20190224231210id_/https://cdn.static-economist.com/sites/default/files/images/print-edition/20120728_EUC696.png,https://www.economist.com/node/21559667
20120728_INC717,20120728,Euro-area exposure,https://web.archive.org/web/20230918055802id_/https://www.economist.com/img/b/960/540/90/sites/default/files/images/2012/07/articles/main/20120728_inc717.png,https://www.economist.com/node/21559625
20120728_IRC970,20120728,Antique cabinets,https://web.archive.org/web/20230728201943id_/https://www.economist.com/sites/default/files/images/print-edition/20120728_IRC970.png,https://www.economist.com/node/21559605
20120728_LDC703,20120728,HIV,https://web.archive.org/web/20201224123842id_/https://www.economist.com/sites/default/files/images/print-edition/20120728_LDC703.png,https://www.economist.com/node/21559620
20120728_MAC707,20120728,Among the lions,https://web.archive.org/web/20230728211752id_/https://www.economist.com/img/b/800/874/90/sites/default/files/images/2012/07/articles/body/20120728_mac707.png,https://www.economist.com/node/21559673
20120804_BRC725,20120804,Crunched,https://web.archive.org/web/20200628112810id_/https://www.economist.com/sites/default/files/images/print-edition/20120804_BRC725.png,https://www.economist.com/node/21559928
20120804_BRC737,20120804,No more gold watches,https://web.archive.org/web/20200628112804id_/https://www.economist.com/sites/default/files/images/print-edition/20120804_BRC737.png,https://www.economist.com/node/21559927
20120804_IRC728,20120804,Olympic mettle count,https://web.archive.org/web/20210325003543id_/https://www.economist.com/sites/default/files/images/print-edition/20120804_IRC728.png,https://www.economist.com/node/21559899
20120804_IRC730,20120804,United States of Apartisans,https://web.archive.org/web/20190630191937id_/https://www.economist.com/sites/default/files/images/print-edition/20120804_IRC730.png,https://www.economist.com/node/21559901
20120804_STC752,20120804,Hitting the wall,https://web.archive.org/web/20211101235549id_/https://www.economist.com/sites/default/files/images/print-edition/20120804_STC752_0.png,https://www.economist.com/node/21559903
20120804_WBC735,20120804,Everything but education,https://web.archive.org/web/20190317193951id_/https://www.economist.com/sites/default/files/images/print-edition/20120804_WBC735.png,https://www.economist.com/node/21559936
20120811_LDC772,20120811,China's pensions,https://web.archive.org/web/20190530202613id_/https://cdn.static-economist.com/sites/default/files/images/2012/08/articles/body/20120811_ldc772.png,https://www.economist.com/node/21560274
20120811_USC776,20120811,Trailing behind,https://web.archive.org/web/20190904074221id_/https://cdn.static-economist.com/sites/default/files/images/print-edition/20120811_USC776.png,https://www.economist.com/node/21560289
20120929_FBC140,20120929,Mixed fortunes,https://web.archive.org/web/20201119190548id_/https://www.economist.com/sites/default/files/images/print-edition/20120929_FBC140.png,https://www.economist.com/node/21563706
20120929_IRC163,20120929,Thirsty work,https://web.archive.org/web/20201217202748id_/https://www.economist.com/img/b/1000/1407/90/sites/default/files/images/2012/09/articles/body/20120929_IRC163.png,https://www.economist.com/node/21563707
20120929_MAC146,20120929,Boom BOOM,https://web.archive.org/web/20190620141409id_/https://cdn.static-economist.com/sites/default/files/images/print-edition/20120929_MAC146.png,https://www.economist.com/node/21563751
20120929_MAC148,20120929,Geographic expansion,https://web.archive.org/web/20190620141409id_/https://cdn.static-economist.com/sites/default/files/images/print-edition/20120929_MAC148.png,https://www.economist.com/node/21563751
20121006_MAC165,20121006,The big glug,https://web.archive.org/web/20230806233538id_/https://www.economist.com/sites/default/files/images/print-edition/20121006_MAC165.png,https://www.economist.com/node/21564236
20121006_STC023,20121006,Born free?,https://web.archive.org/web/20200506131216id_/https://www.economist.com/sites/default/files/images/print-edition/20121006_STC023.png,https://www.economist.com/node/21564191
20121013_CNC192,20121013,Worse bourse,https://web.archive.org/web/20191012163258id_/https://www.economist.com/sites/default/files/images/print-edition/20121013_CNC192.png,https://www.economist.com/node/21564612
20121013_FNC260,20121013,Back to the iron age,https://web.archive.org/web/20190803162703id_/https://www.economist.com/sites/default/files/images/print-edition/20121013_FNC260.png,https://www.economist.com/node/21564559
20121013_FNC263,20121013,"Lawyers 1, bankers 0",https://web.archive.org/web/20190620141031id_/https://cdn.static-economist.com/sites/default/files/images/print-edition/20121013_FNC263.png,https://www.economist.com/node/21564565
20121013_USC256,20121013,Good news and bad news,https://web.archive.org/web/20191023043537id_/https://www.economist.com/sites/default/files/images/print-edition/20121013_USC256.png,https://www.economist.com/node/21564594
20121013_WWC269,20121013,Household wealth,https://web.archive.org/web/20220407141631id_/https://www.economist.com/sites/default/files/images/print-edition/20121013_WWC269.png,https://www.economist.com/node/21564618
20121027_FNC342,20121027,Life and kicking,https://web.archive.org/web/20190407030109id_/https://cdn.static-economist.com/sites/default/files/images/2012/10/articles/body/20121027_fnc342.png,https://www.economist.com/news/finance-and-economics/21565213-western-firms-face-increasing-competition-build-regional-empires-tantalising
20121027_INC343,20121027,Foreign direct investment,https://web.archive.org/web/20191223130849id_/https://www.economist.com/sites/default/files/images/print-edition/20121027_INC343.png,https://www.economist.com/news/economic-and-financial-indicators/21565226-foreign-direct-investment
20121027_LDC348,20121027,Advanced economies,https://web.archive.org/web/20190620140647id_/https://cdn.static-economist.com/sites/default/files/images/print-edition/20121027_LDC348.png,https://www.economist.com/news/leaders/21565211-debate-about-budget-cuts-has-become-dangerously-theological-deficit-common-sense
20121103_BRC382,20121103,Coming apart,https://web.archive.org/web/20190513015139id_/https://www.economist.com/sites/default/files/images/print-edition/20121103_BRC382.png,https://www.economist.com/news/britain/21565663-many-legal-unknowns-would-follow-scottish-independence-breaking-up-hard-do
20121103_BRC387,20121103,London calling,https://web.archive.org/web/20230807073546id_/https://www.economist.com/sites/default/files/images/print-edition/20121103_BRC387.png,https://www.economist.com/news/britain/21565682-new-report-how-restore-growth-has-revived-old-division-among-conservatives-tarzanomics
20121103_FNC391,20121103,Strengths and weaknesses,https://web.archive.org/web/20230806233539id_/https://www.economist.com/img/b/1000/1155/90/sites/default/files/images/2012/11/articles/body/20121103_fnc391.png,https://www.economist.com/news/finance-and-economics/21565648-ubs-swings-axe-game-over
20121103_INC383,20121103,The Economist commodity-price index,https://web.archive.org/web/20240930183104id_/https://cdn.static-economist.com/sites/default/files/images/2012/11/articles/main/20121103_inc383.png,https://www.economist.com/news/economic-and-financial-indicators/21565631-economist-commodity-price-index-ii
20121110_LDC427,20121110,Greek government debt,https://web.archive.org/web/20190620140054id_/https://cdn.static-economist.com/sites/default/files/images/print-edition/20121110_LDC427.png,https://www.economist.com/news/leaders/21565954-greece-will-remain-disaster-until-it-gets-treatment-given-heavily-indebted-poor
20121117_FBC444,20121117,On the up...,https://web.archive.org/web/20170202103706id_/http://cdn.static-economist.com/sites/default/files/images/print-edition/20121117_FBC444_0.png,https://www.economist.com/news/briefing/21566639-europes-peripheral-economies-have-already-undergone-lot-restructuring-without-action
20121117_FBC445,20121117,...and up,https://web.archive.org/web/20170202103706id_/http://cdn.static-economist.com/sites/default/files/images/print-edition/20121117_FBC445_0.png,https://www.economist.com/news/briefing/21566639-europes-peripheral-economies-have-already-undergone-lot-restructuring-without-action
20121117_INC452,20121117,Global business barometer,https://web.archive.org/web/20170227153246id_/http://cdn.static-economist.com/sites/default/files/images/2012/11/articles/main/20121117_inc452.png,https://www.economist.com/news/economic-and-financial-indicators/21566693-global-business-barometer
20121117_WBC459,20121117,A billion fingers clicking,https://web.archive.org/web/20230806232254id_/https://www.economist.com/sites/default/files/images/print-edition/20121117_WBC459.png,https://www.economist.com/news/business/21566679-online-sales-are-booming-china-where-are-profits-pity-parcel-people
20121124_BRC515,20121124,Euro barometer,https://web.archive.org/web/20180325043827id_/https://cdn.static-economist.com/sites/default/files/images/print-edition/20121124_BRC515_0.png,https://www.economist.com/news/britain/21567096-chaotic-undisciplinedand-exceedingly-dangerous-tories-farage-farrago
20121124_FNC503,20121124,,https://web.archive.org/web/20230806222907id_/https://www.economist.com/sites/default/files/images/print-edition/20121124_FNC503.png,https://www.economist.com/news/finance-and-economics/21567084-dismal-bond-yields-make-european-equities-look-relatively-attractive-income
20121124_INC514,20121124,Government-bond yields,https://web.archive.org/web/20230918054155id_/https://www.economist.com/img/b/1096/616/90/sites/default/files/images/2012/11/articles/main/20121124_inc514.png,https://www.economist.com/news/economic-and-financial-indicators/21567100-government-bond-yields
20121124_WBC513,20121124,Lost its way,https://web.archive.org/web/20230807075526id_/https://www.economist.com/sites/default/files/images/print-edition/20121124_WBC513.png,https://www.economist.com/news/business/21567080-we-were-duped-overpaying-british-software-company-says-hp-fallen-idols
20121201_EUC545,20121201,Independence days,https://web.archive.org/web/20190512182652id_/https://www.economist.com/sites/default/files/images/print-edition/20121201_EUC545_0.png,https://www.economist.com/news/europe/21567405-ruling-party-does-badly-heading-more-clashes-madrid-trouble-ahead
20121208_BRC605,20121208,Lower for longer,https://web.archive.org/web/20200113120416id_/https://www.economist.com/sites/default/files/images/print-edition/20121208_BRC605.png,https://www.economist.com/news/britain/21567989-gloomier-economic-outlook-forces-chancellor-break-one-his-fiscal-rules-where-are
20121208_WWC601,20121208,GDP,https://web.archive.org/web/20230807011557id_/https://www.economist.com/sites/default/files/images/print-edition/20121208_WWC601.png,https://www.economist.com/news/world-week/21567990-business-week
20121215_CNC493,20121215,Packing them in,https://web.archive.org/web/20181203104001id_/https://cdn.static-economist.com/sites/default/files/images/print-edition/20121215_CNC493.png,https://www.economist.com/news/china/21568401-capital-growing-unsustainably-perhaps-it-should-move-removal-time
20121215_USC615,20121215,Where it goes,https://web.archive.org/web/20210426071914id_/https://www.economist.com/sites/default/files/images/print-edition/20121215_USC615.png,https://www.economist.com/news/united-states/21568395-what-cliff-means-and-why-americas-deficit-woes-are-so-intractable-edge
20121222_STC687,20121222,Parity postponed,https://web.archive.org/web/20190820171447id_/https://cdn.static-economist.com/sites/default/files/images/print-edition/20121222_STC687_1.png,https://www.economist.com/news/science-and-technology/21568704-geniuses-are-getting-brighter-and-genius-levels-iq-girls-are-not-far
20130105_EUC708,20130105,How many are real claims?,https://web.archive.org/web/20190816113549id_/https://www.economist.com/sites/default/files/images/print-edition/20130105_EUC708.png,https://www.economist.com/news/europe/21569064-will-eu-reimpose-visas-travellers-balkan-countries-asylum-system-abuse
20130105_INC715,20130105,GDP forecasts,https://web.archive.org/web/20230918053445id_/https://www.economist.com/img/b/1424/801/90/sites/default/files/images/2013/01/articles/main/20130105_inc715.png,https://www.economist.com/news/economic-and-financial-indicators/21569047-gdp-forecasts
20130105_LDC721,20130105,British voting intention,https://web.archive.org/web/20171024195813id_/https://cdn.static-economist.com/sites/default/files/images/print-edition/20130105_LDC721.png,https://www.economist.com/news/leaders/21569032-coalition-partners-are-growing-apart-bad-their-electoral-prospects-and
20130112_ASC753,20130112,The lucky country,https://web.archive.org/web/20210507055311id_/https://www.economist.com/sites/default/files/images/print-edition/20130112_ASC753.png,https://www.economist.com/news/asia/21569449-government-drops-its-promise-budget-surplus-election-calculations
20130112_BRC750,20130112,Bigger in America,https://web.archive.org/web/20210424173013id_/https://www.economist.com/sites/default/files/images/print-edition/20130112_BRC750.png,https://www.economist.com/news/britain/21569412-flow-credit-british-business-continues-dry-up-latest-policies-may-yet-open
20130119_CNC766,20130119,Where the money goes,https://web.archive.org/web/20190315153159id_/https://cdn.static-economist.com/sites/default/files/images/2013/01/articles/main/20130119_cnc766.png,https://www.economist.com/news/china/21569775-expanding-scale-and-scope-chinas-outward-direct-investment-odi-lay-hee-ho
20130119_FBC775,20130119,The big three,https://web.archive.org/web/20170520020225id_/http://cdn.static-economist.com/sites/default/files/images/print-edition/20130119_FBC775.png,https://www.economist.com/news/briefing/21569719-barack-obamas-first-term-caution-was-understandable-he-must-now-show-greater-resolve-time
20130119_FBC801,20130119,Coming home,https://web.archive.org/web/20170520020226id_/http://cdn.static-economist.com/sites/default/files/images/print-edition/20130119_FBC801.png,https://www.economist.com/news/briefing/21569719-barack-obamas-first-term-caution-was-understandable-he-must-now-show-greater-resolve-time
20130119_INC787,20130119,Value-added trade,https://web.archive.org/web/20210309015135id_/https://www.economist.com/img/b/600/370/90/sites/default/files/images/2013/01/articles/main/20130119_inc787.png,https://www.economist.com/news/economic-and-financial-indicators/21569736-value-added-trade
20130119_LDC784,20130119,Manufacturing outsourcing,https://web.archive.org/web/20190731002733id_/https://cdn.static-economist.com/sites/default/files/images/2013/01/articles/body/20130119_LDC784.png,https://www.economist.com/news/leaders/21569739-outsourcing-jobs-faraway-places-wane-will-not-solve-wests
20130119_USC776,20130119,The Geithner record,https://web.archive.org/web/20190629064931id_/https://www.economist.com/sites/default/files/images/print-edition/20130119_USC776.png,https://www.economist.com/news/united-states/21569726-outgoing-treasury-secretary-sits-down-economist-one-last-time-lessons-learnt
20130126_INC852,20130126,Football wealth,https://web.archive.org/web/20190620133315id_/https://cdn.static-economist.com/sites/default/files/images/print-edition/20130126_INC852.png,https://www.economist.com/news/economic-and-financial-indicators/21570739-football-wealth
20130126_MAC857,20130126,The lurch back to the centre,https://web.archive.org/web/20230805151341id_/https://www.economist.com/sites/default/files/images/print-edition/20130126_MAC857_0.png,https://www.economist.com/news/middle-east-and-africa/21570696-sparky-performance-middle-road-party-may-pull-binyamin-netanyahu
20130202_FNC879,20130202,The Big Mac index,https://web.archive.org/web/20190615183745id_/https://cdn.static-economist.com/sites/default/files/images/print-edition/20130202_FNC879.png,https://www.economist.com/news/finance-and-economics/21571165-currency-wars-burgers-verdict-bunfight
20130209_USC043,20130209,The future of spending,https://web.archive.org/web/20191022074756id_/https://www.economist.com/sites/default/files/images/print-edition/20130209_USC043.png,https://www.economist.com/news/united-states/21571456-austerity-and-economic-recovery-are-bringing-down-deficit-long-term-problem
20130216_USC081,20130216,Hardly lavish,https://web.archive.org/web/20190620132631id_/https://cdn.static-economist.com/sites/default/files/images/print-edition/20130216_USC081.png,https://www.economist.com/news/united-states/21571894-president-proposes-hefty-increase-minimum-wage-trickle-up-economics
20130216_WBC069,20130216,"Putting the ""red"" into red capitalism",https://web.archive.org/web/20220714144208id_/https://www.economist.com/sites/default/files/images/print-edition/20130216_WBC069.png,https://www.economist.com/news/business/21571939-sinopecs-big-plans-hit-obstacle-smog-and-mirrors
20130223_ASC106,20130223,Some turnaround,https://web.archive.org/web/20190907215858id_/https://cdn.static-economist.com/sites/default/files/images/print-edition/20130223_ASC106.png,https://www.economist.com/news/asia/21572245-gloomy-politics-so-how-long-can-bright-economics-last-tipping-balance
20130223_ASC110,20130223,The never-balanced budget,https://web.archive.org/web/20210425184001id_/https://www.economist.com/sites/default/files/images/print-edition/20130223_ASC110.png,https://www.economist.com/news/asia/21572224-government-borrowing-generates-inflation-widens-external-deficit-and-crowds-out-much-needed
20130302_EUC141,20130302,Slow improvement,https://web.archive.org/web/20190905190013id_/https://www.economist.com/sites/default/files/images/print-edition/20130302_EUC141_0.png,https://www.economist.com/news/europe/21572806-reluctant-government-faces-imperative-public-spending-cuts-austerity-stakes
20130302_WBC144,20130302,Plenty to play for,https://web.archive.org/web/20181209015608id_/https://cdn.static-economist.com/sites/default/files/images/print-edition/20130302_WBC144.png,https://www.economist.com/news/business/21572776-apples-ios-and-googles-android-face-several-hopeful-challengers-bright-eyed-and-bushy-tailed
20130309_AMC149,20130309,Killing fields,https://web.archive.org/web/20170715010836id_/https://cdn.static-economist.com/sites/default/files/images/print-edition/20130309_AMC149_1.png,https://www.economist.com/news/americas/21573108-first-two-reports-threat-rampant-violence-central-americas-small
20130323_BRC301,20130323,Unlucky two-thirds,https://web.archive.org/web/20200111235415id_/https://www.economist.com/sites/default/files/images/print-edition/20130323_BRC301.png,https://www.economist.com/news/britain/21573997-george-osbornes-growth-plan-involves-fresh-cuts-looser-monetary-policy-and-another
20130323_MAC309,20130323,"Minerals, metals and machinery",https://web.archive.org/web/20170319093557id_/http://cdn.static-economist.com/sites/default/files/images/print-edition/20130323_MAC309.png,https://www.economist.com/news/middle-east-and-africa/21574012-chinese-trade-africa-keeps-growing-fears-neocolonialism-are-overdone-more
20130323_STC292,20130323,Some pennies for your thoughts,https://web.archive.org/web/20230805180226id_/https://www.economist.com/sites/default/files/images/print-edition/20130323_STC292.png,https://www.economist.com/news/science-and-technology/21573950-gongs-scientists-and-engineers-are-multiplying-all-shall-have-prizes
20130323_WWC310,20130323,Cash-rich US companies,https://web.archive.org/web/20170407094527id_/http://cdn.static-economist.com/sites/default/files/images/print-edition/20130323_WWC310.png,https://www.economist.com/news/world-week/21574032-business-week
20130330_BBC053,20130330,Hubba hubba,https://web.archive.org/web/20170202212133id_/http://cdn.static-economist.com/sites/default/files/images/print-edition/20130330_BBC053.png,https://www.economist.com/news/briefing/21574489-britain-has-many-options-providing-extra-airport-capacity-its-capital-going-need
20130330_BBC345,20130330,Rate of ascent,https://web.archive.org/web/20170202221558id_/http://cdn.static-economist.com/sites/default/files/images/print-edition/20130330_BBC345.png,https://www.economist.com/news/briefing/21574489-britain-has-many-options-providing-extra-airport-capacity-its-capital-going-need
20130330_FBC184,20130330,The biggest buyer,https://web.archive.org/web/20170611201157id_/http://cdn.static-economist.com/sites/default/files/images/print-edition/20130330_FBC184.png,https://www.economist.com/news/briefing/21574458-india-poised-become-one-four-largest-military-powers-world-end
20130330_INC332,20130330,World GDP*,https://web.archive.org/web/20170202223436id_/http://cdn.static-economist.com/sites/default/files/images/2013/03/articles/main/20130330_inc332.png,https://www.economist.com/news/economic-and-financial-indicators/21574491-world-gdp
20130330_STC334,20130330,Falling off the scale,https://web.archive.org/web/20170130202139id_/http://cdn.static-economist.com/sites/default/files/images/print-edition/20130330_STC334_1.png,https://www.economist.com/news/science-and-technology/21574461-climate-may-be-heating-up-less-response-greenhouse-gas-emissions
20130406_FNC368,20130406,Africa rising,https://web.archive.org/web/20210214201213id_/https://www.economist.com/sites/default/files/images/print-edition/20130406_FNC368.png,https://www.economist.com/news/finance-and-economics/21575769-strategies-putting-money-work-fast-growing-continent-hottest
20130406_USC359,20130406,High time to tax,https://web.archive.org/web/20191020162012id_/https://www.economist.com/sites/default/files/images/print-edition/20130406_USC359.png,https://www.economist.com/news/united-states/21575785-both-parties-are-getting-keener-tax-sales-internet-click-and-pay
20130413_AMC363,20130413,Fact and fiction,https://web.archive.org/web/20170208171815id_/http://cdn.static-economist.com/sites/default/files/images/print-edition/20130413_AMC363.png,https://www.economist.com/news/americas/21576120-dollar-shortage-bites-gaucho-blues
20130413_CNC414,20130413,Where it's due,https://web.archive.org/web/20190620130948id_/https://cdn.static-economist.com/sites/default/files/images/print-edition/20130413_CNC414.png,https://www.economist.com/news/china/21576134-chinese-credit-rises-chinas-credit-rating-falls-shadows-lengthen
20130427_IRC505,20130427,Turning grey,https://web.archive.org/web/20170220084643id_/http://cdn.static-economist.com/sites/default/files/images/print-edition/20130427_IRC505.png,https://www.economist.com/news/international/21576657-around-world-almost-300m-15-24-year-olds-are-not-working-what-has-caused
20130427_WBC404,20130427,"Pay them well, use them sparingly",https://web.archive.org/web/20180904054923id_/https://cdn.static-economist.com/sites/default/files/images/print-edition/20130427_WBC404.png,https://www.economist.com/news/business/21576672-bjorn-kjos-norwegian-air-shuttles-boss-success-may-depend-ruthlessness-here-come
20130504_AMC528,20130504,Dam good,https://web.archive.org/web/20190408141606id_/https://cdn.static-economist.com/sites/default/files/images/print-edition/20130504_AMC528.png,https://www.economist.com/news/americas/21577073-having-spent-heavily-make-worlds-third-biggest-hydroelectric-project-greener-brazil
20130504_IRC523,20130504,Freedom to obey,https://web.archive.org/web/20180220152207id_/https://cdn.static-economist.com/sites/default/files/images/print-edition/20130504_IRC523_0.png,https://www.economist.com/news/international/21577045-new-survey-global-muslim-opinion-dont-expect-consistency-minds-unmade
20130504_USC525,20130504,Only getting worse for them,https://web.archive.org/web/20210213202435id_/https://www.economist.com/img/b/800/880/90/sites/default/files/images/2013/05/blogs/democracy-america/20130504_usc525.png,https://www.economist.com/news/united-states/21577072-republicans-try-woo-latinos-getting-them-elected-its-worth-go
20130504_WBC491,20130504,Pyramid shaped,https://web.archive.org/web/20170216035658id_/http://cdn.static-economist.com/sites/default/files/images/print-edition/20130504_WBC491.png,https://www.economist.com/news/business/21577089-turmoil-has-scared-all-rugged-and-russians-arab-spring-break
20130518_FNC630,20130518,More misery,https://web.archive.org/web/20230813105012id_/https://www.economist.com/sites/default/files/images/print-edition/20130518_FNC630.png,https://www.economist.com/news/finance-and-economics/21578074-shrinking-output-may-prompt-european-central-bank-ease-further-recession
20130518_MAC631,20130518,Who's who in Syria's battlefield,https://web.archive.org/web/20170325092118id_/http://cdn.static-economist.com/sites/default/files/images/print-edition/20130518_MAC631.png,https://www.economist.com/news/middle-east-and-africa/21578057-more-decent-rebel-groups-are-being-squeezed-between-regimes-forces-and
20130518_WOC636,20130518,And more in the pipeline,https://web.archive.org/web/20220620145052id_/https://www.economist.com/img/b/800/775/90/sites/default/files/images/2013/05/articles/body/20130518_woc636.png,https://www.economist.com/news/business/21578095-strong-bidding-exploration-rights-ends-industrys-long-dry-spell-back-business
20130601_AMC722,20130601,Barren future,https://web.archive.org/web/20170216221911id_/http://cdn.static-economist.com/sites/default/files/images/print-edition/20130601_AMC722.png,https://www.economist.com/news/americas/21578710-traditional-demographic-patterns-are-changing-astonishingly-fast-autumn-patriarchs
20130601_EUC716,20130601,,https://web.archive.org/web/20230813154126id_/https://www.economist.com/img/b/1280/1240/90/sites/default/files/images/2013/05/articles/body/20130601_EUC716.png,https://www.economist.com/news/europe/21578720-some-good-economic-and-political-news-enrico-letta-let
20130608_BRC764,20130608,We're all in this together,https://web.archive.org/web/20230813100556id_/https://www.economist.com/sites/default/files/images/print-edition/20130608_BRC764.png,https://www.economist.com/news/britain/21579071-oppositions-new-spending-plans-leave-party-tetchy-more-electable-labour-gets-serious
20130608_WBC595,20130608,,https://web.archive.org/web/20221224200157id_/https://www.economist.com/img/b/1280/1479/90/sites/default/files/20130608_WBC595.png,https://www.economist.com/news/business/21579015-life-getting-harder-purveyors-luxury-china-growth-prospects-are-still
20130615_INC805,20130615,World primary-energy demand,https://web.archive.org/web/20211120122831id_/https://www.economist.com/img/b/1000/563/90/sites/default/files/images/2013/06/articles/main/20130615_INC805.png,https://www.economist.com/news/economic-and-financial-indicators/21579501-world-primary-energy-demand
20130622_ASC836,20130622,Stormy petrol,https://web.archive.org/web/20230813130755id_/https://www.economist.com/sites/default/files/images/print-edition/20130622_ASC836.png,https://www.economist.com/news/asia/21579885-sound-economics-lousy-politics-unpriming-pump
20130622_INC839,20130622,The rich,https://web.archive.org/web/20190620123644id_/https://cdn.static-economist.com/sites/default/files/images/2013/06/articles/main/20130622_INC839.png,https://www.economist.com/news/economic-and-financial-indicators/21579867-rich
20130629_INC873,20130629,Foreign direct investment,https://web.archive.org/web/20151126121135id_/http://cdn.static-economist.com/sites/default/files/images/2013/06/articles/main/20130629_inc873.png,https://www.economist.com/news/economic-and-financial-indicators/21580200-foreign-direct-investment
20130629_MAC893,20130629,Royal rule is risky,https://web.archive.org/web/20170930200628id_/https://cdn.static-economist.com/sites/default/files/images/2013/06/articles/body/20130629_MAC893.png,https://www.economist.com/news/middle-east-and-africa/21580197-remarkable-emir-bows-out-hard-act-follow
20130706_ASC022,20130706,Broad versus deep,https://web.archive.org/web/20180711022552id_/https://cdn.static-economist.com/sites/default/files/images/2013/07/articles/main/20130706_ASC022.png,https://www.economist.com/news/asia/21580531-asias-emerging-welfare-states-spread-themselves-thinly-widefare
20130706_EUC015,20130706,The winners of discontent,https://web.archive.org/web/20170903212054id_/https://cdn.static-economist.com/sites/default/files/images/print-edition/20130706_EUC015.png,https://www.economist.com/news/europe/21580516-disillusion-leading-rise-two-alternative-parties-paella-coalition
20130706_USC001,20130706,What to cut?,https://web.archive.org/web/20190602074656id_/https://cdn.static-economist.com/sites/default/files/images/print-edition/20130706_USC001.png,https://www.economist.com/news/united-states/21580460-wrong-way-cut-americas-military-budget-squeezing-pentagon
20130713_CNC060,20130713,The price of men,https://web.archive.org/web/20220320171039id_/https://www.economist.com/sites/default/files/images/print-edition/20130713_CNC060.png,https://www.economist.com/news/china/21581759-are-high-house-prices-hurting-women-more-men-married-mortgage
20130713_INC048,20130713,World's biggest banks,https://web.archive.org/web/20151125193845id_/http://cdn.static-economist.com/sites/default/files/images/2013/07/articles/main/20130713_inc048.png,https://www.economist.com/news/economic-and-financial-indicators/21581768-worlds-biggest-banks
20130713_USC069,20130713,Less extreme than either party,https://web.archive.org/web/20181130193302id_/https://cdn.static-economist.com/sites/default/files/images/2013/07/articles/body/20130713_usc069.png,https://www.economist.com/news/united-states/21581739-will-war-women-rhetoric-help-democrats-more-half-electorate
20130713_WWC067,20130713,GDP growth forecasts,https://web.archive.org/web/20181130193926id_/https://cdn.static-economist.com/sites/default/files/images/print-edition/20130713_WWC067.png,https://www.economist.com/news/world-week/21581786-business-week
20130720_AMC113,20130720,Drifting away from Rome,https://web.archive.org/web/20170916182325id_/https://cdn.static-economist.com/sites/default/files/images/print-edition/C/20130720_AMC113.png,https://www.economist.com/news/americas/21581991-promise-and-peril-papal-visit-earthly-concerns
20130720_BRC090,20130720,Growth industry,https://web.archive.org/web/20190620122757id_/https://cdn.static-economist.com/sites/default/files/images/print-edition/C/20130720_BRC090_0.png,https://www.economist.com/news/britain/21582009-market-finally-adapting-surge-private-renting-rented-castles
20130720_STC096,20130720,Lower gear?,https://web.archive.org/web/20180326162142id_/https://cdn.static-economist.com/sites/default/files/images/2013/07/articles/body/20130720_STC096.png,https://www.economist.com/news/science-and-technology/21581979-peek-inside-next-ipcc-assessment-sensitive-information
20130720_WWC110,20130720,China,https://web.archive.org/web/20221030043030id_/https://www.economist.com/img/b/1424/1399/90/sites/default/files/images/2013/07/articles/main/20130720_wwc110.png,https://www.economist.com/news/world-week/21582053-business-week
20130727_FBC131,20130727,Changing the world,https://web.archive.org/web/20170226081438id_/http://cdn.static-economist.com/sites/default/files/images/print-edition/C/20130727_FBC131.png,https://www.economist.com/news/briefing/21582257-most-dramatic-and-disruptive-period-emerging-market-growth-world-has-ever-seen
20130727_FNC142,20130727,The notable nine,https://web.archive.org/web/20200520094835id_/https://www.economist.com/sites/default/files/images/print-edition/C/20130727_FNC142.png,https://www.economist.com/news/finance-and-economics/21582291-regulations-devised-banks-are-being-recycled-large-insurers-premium-members
20130727_INC134,20130727,Wireless broadband,https://web.archive.org/web/20151124153443id_/http://cdn.static-economist.com/sites/default/files/images/2013/07/articles/main/20130727_inc134.png,https://www.economist.com/news/economic-and-financial-indicators/21582267-wireless-broadband
20130727_IRC133,20130727,Words and deeds,https://web.archive.org/web/20181014182946id_/https://cdn.static-economist.com/sites/default/files/images/print-edition/C/20130727_IRC133.png,https://www.economist.com/news/international/21582283-barbaric-practice-becoming-bit-rarer-and-less-popular-still-bleeding
20130803_BRC170,20130803,Borrowed time,https://web.archive.org/web/20191102212105id_/https://www.economist.com/sites/default/files/images/print-edition/C/20130803_BRC170.png,https://www.economist.com/news/britain/21582551-even-subsidised-funds-failed-soothe-credit-woes-britains-small-firms-misadventure
20130803_EUC162,20130803,A deceptive lead,https://web.archive.org/web/20230818093231id_/https://www.economist.com/sites/default/files/images/print-edition/C/20130803_EUC162.png,https://www.economist.com/news/europe/21582532-spying-revelations-and-coalition-arithmetic-could-complicate-angela-merkels-ride-victory
20130803_FBC159,20130803,Enough already,https://web.archive.org/web/20171005100825id_/https://cdn.static-economist.com/sites/default/files/images/print-edition/C/20130803_FBC159.png,https://www.economist.com/news/briefing/21582522-day-huge-integrated-international-oil-company-drawing
20130803_WBC166,20130803,Digital dollars,https://web.archive.org/web/20190620122544id_/https://cdn.static-economist.com/sites/default/files/images/print-edition/C/20130803_WBC166.png,https://www.economist.com/news/business/21582510-omnicom-and-publicis-are-combining-try-stay-top-rapidly-changing-industry
20130810_AMC199,20130810,Down but not out,https://web.archive.org/web/20170520191535id_/http://cdn.static-economist.com/sites/default/files/images/print-edition/C/20130810_AMC199.png,https://www.economist.com/news/americas/21583262-consolation-weakened-president-own-goals
20130810_FNC192,20130810,The unbearable heaviness of owing,https://web.archive.org/web/20190620122210id_/https://cdn.static-economist.com/sites/default/files/images/print-edition/C/20130810_FNC192_0.png,https://www.economist.com/news/finance-and-economics/21583257-euro-zone-rescues-have-left-sovereign-debt-too-high-be-sustainable-what-angela
20130817_CNC214,20130817,Debt-defying,https://web.archive.org/web/20190620122058id_/https://cdn.static-economist.com/sites/default/files/images/print-edition/C/20130817_CNC214.png,https://www.economist.com/news/china/21583691-chinas-economy-inefficient-it-not-unstable-bubble-pessimism
20130817_WBC210,20130817,Let's get digital,https://web.archive.org/web/20190525234335id_/https://cdn.static-economist.com/sites/default/files/images/print-edition/C/20130817_WBC210_0.png,https://www.economist.com/news/business/21583687-media-companies-took-battering-internet-cash-digital-sources-last
20130831_BRC298,20130831,...and getting less,https://web.archive.org/web/20190620121732id_/https://cdn.static-economist.com/sites/default/files/images/print-edition/C/20130831_BRC298_0.png,https://www.economist.com/news/britain/21584345-house-prices-are-recovering-britains-property-market-remains-broken-road-blocks
20130831_BRC306,20130831,Crunch time,https://web.archive.org/web/20210814085856id_/https://www.economist.com/sites/default/files/images/print-edition/C/20130831_BRC306.png,https://www.economist.com/news/britain/21584377-why-congestion-not-clinching-argument-super-fast-rail-playing-sardines
20130831_FBC947,20130831,Aerial atrocities,https://web.archive.org/web/20170716052211id_/https://cdn.static-economist.com/sites/default/files/images/print-edition/C/20130831_FBC947.png,https://www.economist.com/news/briefing/21584397-how-whole-class-weaponry-came-be-seen-indecent-shadow-ypres
20130831_INC308,20130831,International tourist arrivals,https://web.archive.org/web/20211227021643id_/https://www.economist.com/img/b/1000/632/90/sites/default/files/20130831_INC308.png,https://www.economist.com/news/economic-and-financial-indicators/21584364-international-tourist-arrivals
20130921_IRC411,20130921,Not there yet,https://web.archive.org/web/20200130085703id_/https://www.economist.com/sites/default/files/images/print-edition/20130921_IRC411_0.png,https://www.economist.com/news/international/21586601-eradicating-extreme-poverty-no-longer-pipe-dream-first-governments-must-agree
20130928_FNC481,20130928,Contented consiglieri,https://web.archive.org/web/20170726123416id_/http://cdn.static-economist.com/sites/default/files/images/print-edition/20130928_FNC481.png,https://www.economist.com/news/finance-and-economics/21586827-advisory-industry-has-shown-remarkable-resilience-crisis-advice-squad
20131005_ASC515,20131005,The growing burden,https://web.archive.org/web/20181201051236id_/https://cdn.static-economist.com/sites/default/files/images/print-edition/20131005_ASC515.png,https://www.economist.com/news/asia/21587242-prime-minister-raises-controversial-tax-needs-be-bolder-yet-taxing-times
20131005_BRC462,20131005,Getting frisky,https://web.archive.org/web/20220714183733id_/https://www.economist.com/sites/default/files/images/print-edition/20131005_BRC462.png,https://www.economist.com/news/britain/21587232-quiet-reform-police-stop-and-search-powers-under-way-searching-questions
20131005_CNC504,20131005,In the zone,https://web.archive.org/web/20170928163713id_/https://cdn.static-economist.com/sites/default/files/images/print-edition/20131005_CNC504.png,https://www.economist.com/news/china/21587237-new-enterprise-zone-could-spark-wider-market-reformsbut-only-if-bureaucrats-ease-their-grip
20131005_FNC501,20131005,Too sunny,https://web.archive.org/web/20201118201641id_/https://www.economist.com/img/b/1000/717/90/sites/default/files/20131005_FNC501.png,https://www.economist.com/news/finance-and-economics/21587203-are-models-show-economic-effects-climate-change-useless-hot-air
20131005_FNC508,20131005,Cash out,https://web.archive.org/web/20190923125322id_/https://www.economist.com/sites/default/files/images/print-edition/20131005_FNC508.png,https://www.economist.com/news/finance-and-economics/21587213-new-book-explains-why-business-investment-has-been-low-profits-prophet
20131012_BBC542,20131012,Masters of the university,https://web.archive.org/web/20210419151153id_/https://www.economist.com/sites/default/files/images/print-edition/20131012_BBC542_0.png,https://www.economist.com/news/briefing/21587780-mba-being-transformed-better-and-worse-change-management
20131012_IRC543,20131012,Adept adults,https://web.archive.org/web/20170319144536id_/http://cdn.static-economist.com/sites/default/files/images/print-edition/20131012_IRC543.png,https://www.economist.com/news/international/21587823-new-study-shows-huge-international-variations-skills-what-can-you-do
20131012_WWC547,20131012,"GDP forecasts, 2013",https://web.archive.org/web/20230806091525id_/https://www.economist.com/img/b/800/786/90/sites/default/files/20131012_WWC547.png,https://www.economist.com/news/world-week/21587852-business-week
20131019_EUC587,20131019,Still borrowing,https://web.archive.org/web/20170816110327id_/https://cdn.static-economist.com/sites/default/files/images/print-edition/20131019_EUC587.png,https://www.economist.com/news/europe/21588110-government-end-economic-emergency-sight-eighth-austerity-budget
20131026_FNC624,20131026,Reported financial settlements and penalties,https://web.archive.org/web/20171012095236id_/https://cdn.static-economist.com/sites/default/files/images/print-edition/20131026_FNC624_5.png,https://www.economist.com/news/finance-and-economics/21588386-payback-time-subprime
20131026_WOC633,20131026,Settlements and fines,https://web.archive.org/web/20201017113602id_/https://www.economist.com/img/b/1190/908/90/sites/default/files/20131026_WOC633_0.png,https://www.economist.com/news/finance-and-economics/21588386-payback-time-subprime
20131102_AMC572,20131102,Untrustworthy,https://web.archive.org/web/20201202030950id_/https://www.economist.com/img/b/1000/1407/90/sites/default/files/20131102_AMC572_2.png,https://www.economist.com/news/americas/21588886-slightly-brighter-picture-democracy-not-liberal-freedoms-listen-me
20131102_AMC667,20131102,We want in,https://web.archive.org/web/20201202030933id_/https://www.economist.com/img/b/1280/2119/90/sites/default/files/20131102_AMC667_2.png,https://www.economist.com/news/americas/21588886-slightly-brighter-picture-democracy-not-liberal-freedoms-listen-me
20131102_CNC681,20131102,Central versus local,https://web.archive.org/web/20190922174958id_/https://www.economist.com/sites/default/files/images/print-edition/20131102_CNC681.png,https://www.economist.com/news/china/21588899-chinas-leaders-will-soon-reveal-their-ambitions-economic-reform-long-weekend
20131102_FNC687,20131102,African pride,https://web.archive.org/web/20180826234154id_/https://cdn.static-economist.com/sites/default/files/images/print-edition/20131102_FNC687.png,https://www.economist.com/news/finance-and-economics/21588849-many-africas-fastest-growing-economies-have-not-relied-oil-or-mining-no-need
20131102_MAC677,20131102,Money or your life!,https://web.archive.org/web/20170925174201id_/https://cdn.static-economist.com/sites/default/files/images/print-edition/20131102_MAC677.png,https://www.economist.com/news/middle-east-and-africa/21588942-new-study-reveals-how-somali-piracy-financed-more-sophisticated-you
20131102_USC675,20131102,The magic fades,https://web.archive.org/web/20201230114125id_/https://www.economist.com/img/b/640/620/90/sites/default/files/20131102_USC675_0.png,https://www.economist.com/news/united-states/21588929-barack-obamas-supporters-are-worried-he-terrible-manager-whoops
20131102_WWC691,20131102,Apple's net income,https://web.archive.org/web/20230806125844id_/https://www.economist.com/sites/default/files/images/print-edition/20131102_WWC691.png,https://www.economist.com/news/world-week/21588964-business-week
20131109_USC719,20131109,A is for “accountability”,https://web.archive.org/web/20170211153857id_/http://cdn.static-economist.com/sites/default/files/images/print-edition/20131109_USC719.png,https://www.economist.com/news/united-states/21589427-states-are-starting-test-teachers-your-marks
20131116_FNC698,20131116,High rise,https://web.archive.org/web/20210812134835id_/https://www.economist.com/sites/default/files/images/print-edition/20131116_FNC698_1.png,https://www.economist.com/news/finance-and-economics/21589877-even-big-developers-and-state-owned-newspapers-are-beginning-express-fears
20131116_STC780,20131116,Mars attack,https://web.archive.org/web/20230806095648id_/https://www.economist.com/sites/default/files/images/print-edition/20131116_STC780.png,https://www.economist.com/news/science-and-technology/21589843-latest-mars-probe-designed-find-out-where-planets-atmosphere
20131123_ASC815,20131123,Abenomics not trickling down,https://web.archive.org/web/20230806144743id_/https://www.economist.com/sites/default/files/images/print-edition/20131123_ASC815.png,https://www.economist.com/news/asia/21590599-public-approves-government-taking-aim-welfare-recipients-yer-bike
20131123_BRC831,20131123,Northern discomfort,https://web.archive.org/web/20190620115327id_/https://cdn.static-economist.com/sites/default/files/images/print-edition/20131123_BRC831.png,https://www.economist.com/news/britain/21590592-new-report-finances-north-border-headache-nationalists-scotch-rocks
20131123_FNC810,20131123,Wealth defect,https://web.archive.org/web/20180719200146id_/https://cdn.static-economist.com/sites/default/files/images/print-edition/20131123_FNC810.png,https://www.economist.com/news/finance-and-economics/21590589-germans-are-avid-savers-they-do-not-invest-under-mattress
20131123_STC819,20131123,More vinegar with the fish,https://web.archive.org/web/20170331020959id_/http://cdn.static-economist.com/sites/default/files/images/print-edition/20131123_STC819_1.png,https://www.economist.com/news/science-and-technology/21590349-worlds-seas-are-becoming-more-acidic-how-much-matters-not-yet-clear
20131123_WBC817,20131123,Supervisory-board directors,https://web.archive.org/web/20230806142220id_/https://www.economist.com/sites/default/files/images/print-edition/20131123_WBC817.png,https://www.economist.com/news/business/21590372-more-women-boards
20131130_BRC864,20131130,Better in the 'burbs,https://web.archive.org/web/20191227130229id_/https://www.economist.com/sites/default/files/images/print-edition/20131130_BRC864_0.png,https://www.economist.com/news/britain/21590943-slap-wrist-and-handy-new-way-measuring-urban-poverty-lies-damned-lies
20131207_FNC764,20131207,Squeezed,https://web.archive.org/web/20180823124921id_/https://cdn.static-economist.com/sites/default/files/images/print-edition/20131207_FNC764.png,https://www.economist.com/news/finance-and-economics/21591231-most-irish-still-bank-their-governmentand-it-costing-them-concentrating
20131207_LDC882,20131207,Financial bubbles,https://web.archive.org/web/20170220024243id_/http://cdn.static-economist.com/sites/default/files/images/print-edition/20131207_LDC882_0.png,https://www.economist.com/news/leaders/21591177-financial-markets-are-looking-frothy-answer-not-tighter-monetary-policy-more-public
20131207_USC857,20131207,Anatomy of a boom,https://web.archive.org/web/20180823130028id_/https://cdn.static-economist.com/sites/default/files/images/print-edition/20131207_USC857_2.png,https://www.economist.com/news/united-states/21591187-californias-new-technological-heartland-struggling-its-success-growing-pains
20131214_EUC026,20131214,In and out of favour,https://web.archive.org/web/20230806074645id_/https://www.economist.com/sites/default/files/images/print-edition/20131214_EUC026.png,https://www.economist.com/news/europe/21591646-liberal-free-democratic-party-fighting-survival-dead-or-just-resting
20131221_FNC068,20131221,Budget deficits,https://web.archive.org/web/20230806083437id_/https://www.economist.com/img/b/1190/628/90/sites/default/files/20131221_FNC068.png,https://www.economist.com/news/finance-and-economics/21591873-creeping-ascent
20131221_INC080,20131221,World GDP,https://web.archive.org/web/20230806125823id_/https://www.economist.com/sites/default/files/images/print-edition/20131221_INC080.png,https://www.economist.com/news/economic-and-financial-indicators/21591902-world-gdp
20140104_BBC109,20140104,Could have done better,https://web.archive.org/web/20170826002729id_/https://cdn.static-economist.com/sites/default/files/images/print-edition/20140104_BBC109.png,https://www.economist.com/news/briefing/21592631-two-decades-ago-north-american-free-trade-agreement-got-flying-start-then-it
20140104_FBC098,20140104,Naysayers,https://web.archive.org/web/20170226222510id_/http://cdn.static-economist.com/sites/default/files/images/print-edition/20140104_FBC098.png,https://www.economist.com/news/briefing/21592666-parties-nationalist-right-are-changing-terms-european-political-debate-does
20140104_FNC093,20140104,Danger zone,https://web.archive.org/web/20230812034344id_/https://www.economist.com/sites/default/files/images/print-edition/20140104_FNC093.png,https://www.economist.com/news/finance-and-economics/21592645-keeping-deflation-bay-may-involve-controversial-new-policies
20140104_INC081,20140104,GDP forecasts,https://web.archive.org/web/20230812000851id_/https://www.economist.com/img/b/1190/736/90/sites/default/files/20140104_INC081.png,https://www.economist.com/news/economic-and-financial-indicators/21592650-gdp-forecasts
20140118_ASC178,20140118,Aim lower,https://web.archive.org/web/20230811220008id_/https://www.economist.com/sites/default/files/images/print-edition/20140118_ASC178.png,https://www.economist.com/news/asia/21594335-eradication-polio-suggests-ways-tackle-even-deadlier-diseases-end-scourge
20140118_INC164,20140118,Output gaps in developing countries,https://web.archive.org/web/20230811235955id_/https://www.economist.com/img/b/1190/736/90/sites/default/files/20140118_INC164.png,https://www.economist.com/news/economic-and-financial-indicators/21594309-output-gaps-developing-countries
20140125_EUC193,20140125,"Orban on top, again",https://web.archive.org/web/20230812031005id_/https://www.economist.com/img/b/600/619/90/sites/default/files/20140125_EUC193_1.png,https://www.economist.com/news/europe/21595058-can-united-left-overcome-its-handicaps-against-odds
20140125_FNC212,20140125,A slowing boat,https://web.archive.org/web/20170316162505id_/http://cdn.static-economist.com/sites/default/files/images/print-edition/20140125_FNC212_0.png,https://www.economist.com/news/finance-and-economics/21594999-some-chinese-economic-indicators-are-moving-right-direction-others-are
20140201_FNC260,20140201,...but not out,https://web.archive.org/web/20190328040224id_/https://www.economist.com/sites/default/files/images/print-edition/20140201_FNC260.png,https://www.economist.com/news/finance-and-economics/21595485-developing-economies-struggle-cope-new-world-locus-extremity
20140201_INC246,20140201,Global smartphone shipments,https://web.archive.org/web/20230812032130id_/https://www.economist.com/img/b/1190/736/90/sites/default/files/20140201_INC246.png,https://www.economist.com/news/economic-and-financial-indicators/21595492-global-smartphone-shipments
20140201_USC252,20140201,Better,https://web.archive.org/web/20170720063308id_/https://cdn.static-economist.com/sites/default/files/images/print-edition/20140201_USC252_0.png,https://www.economist.com/news/united-states/21595436-state-union-address-revealed-leader-hoping-something-turn-up-state
20140208_CNC299,20140208,The wide west,https://web.archive.org/web/20221226061129id_/https://www.economist.com/img/b/600/919/90/sites/default/files/images/print-edition/20140208_CNC299.png,https://www.economist.com/news/china/21595926-chinas-external-imbalances-are-nothing-compared-its-internal-ones-its-continent-actually
20140208_WBC291,20140208,The cost of a blow-out,https://web.archive.org/web/20220603071201id_/https://www.economist.com/sites/default/files/images/print-edition/20140208_WBC291.png,https://www.economist.com/news/business/21595935-british-oil-company-safer-smaller-sadder-and-wiser-its-disaster-gulf
20140208_WWC305,20140208,US budget deficit,https://web.archive.org/web/20230811222430id_/https://www.economist.com/sites/default/files/images/print-edition/20140208_WWC305.png,https://www.economist.com/news/world-week/21595980-business-week
20140215_WWC353,20140215,Bitcoin price,https://web.archive.org/web/20230812001007id_/https://www.economist.com/img/b/1280/1258/90/sites/default/files/20140215_WWC353.png,https://www.economist.com/news/world-week/21596585-business-week
20140222_INC395,20140222,Global business barometer,https://web.archive.org/web/20230811224146id_/https://www.economist.com/sites/default/files/images/print-edition/20140222_INC395.png,https://www.economist.com/news/economic-and-financial-indicators/21596949-global-business-barometer
20140222_WBC400,20140222,Everybody out,https://web.archive.org/web/20170127192630id_/http://cdn.static-economist.com/sites/default/files/images/print-edition/20140222_WBC400.png,https://www.economist.com/news/business/21596997-union-movement-misses-big-opportunity-halt-its-decline-chattanooga-shoo-shoo
20140301_AMC428,20140301,Slicing the cake,https://web.archive.org/web/20220325201942id_/https://www.economist.com/sites/default/files/images/print-edition/20140301_AMC428.png,https://www.economist.com/news/americas/21597938-sustaining-recent-social-progress-may-require-squeeze-rich-going-gets-tougher
20140301_FNC432,20140301,A little off the top,https://web.archive.org/web/20171126131534id_/https://cdn.static-economist.com/sites/default/files/images/print-edition/20140301_FNC432.png,https://www.economist.com/news/finance-and-economics/21597931-up-point-redistributing-income-fight-inequality-can-lift-growth-inequality
20140301_WWC435,20140301,GDP forecasts,https://web.archive.org/web/20220713062251id_/https://www.economist.com/sites/default/files/images/print-edition/20140301_WWC435.png,https://www.economist.com/news/world-week/21597975-business-week
20140308_AMC473,20140308,Upwardly mobile,https://web.archive.org/web/20211026030800id_/https://www.economist.com/sites/default/files/images/print-edition/20140308_AMC473_0.png,https://www.economist.com/news/americas/21598653-costly-brazil-dysfunctional-argentina-bureaucratic-mexico-our-correspondents-go-shopping
20140308_LDC466,20140308,Fertility rate,https://web.archive.org/web/20190208161214id_/https://cdn.static-economist.com/sites/default/files/images/print-edition/20140308_LDC466.png,https://www.economist.com/news/leaders/21598648-birth-rates-are-not-falling-africa-fast-they-did-asia-more-contraception-would
20140308_STC479,20140308,A third pause,https://web.archive.org/web/20170210103807id_/http://cdn.static-economist.com/sites/default/files/images/print-edition/20140308_STC479_0.png,https://www.economist.com/news/science-and-technology/21598610-slowdown-rising-temperatures-over-past-15-years-goes-being
20140315_BRC497,20140315,Here's hoping,https://web.archive.org/web/20230811201203id_/https://www.economist.com/img/b/800/775/90/sites/default/files/images/print-edition/20140315_BRC497.png,https://www.economist.com/news/britain/21599038-britains-recovery-not-yet-self-sustaining-may-be-about-change-spark-flame
20140315_INC527,20140315,Wall Street bonuses,https://web.archive.org/web/20230811221343id_/https://www.economist.com/sites/default/files/images/print-edition/20140315_INC527.png,https://www.economist.com/news/economic-and-financial-indicators/21599021-wall-street-bonuses
20140315_IRC363,20140315,The crony-capitalism index,https://web.archive.org/web/20170331002920id_/http://cdn.static-economist.com/sites/default/files/images/print-edition/20140315_IRC363.png,https://www.economist.com/news/international/21599041-countries-where-politically-connected-businessmen-are-most-likely-prosper-planet
20140322_EUC547,20140322,Taxing times,https://web.archive.org/web/20170220002040id_/http://cdn.static-economist.com/sites/default/files/images/print-edition/20140322_EUC547.png,https://www.economist.com/news/europe/21599396-austerity-hit-countries-europe-try-new-approach-cutting-taxes-lightening-load
20140329_AMC602,20140329,The terms change,https://web.archive.org/web/20191105112131id_/https://www.economist.com/sites/default/files/images/print-edition/20140329_AMC602.png,https://www.economist.com/news/americas/21599782-instead-crises-past-mediocre-growth-big-riskunless-productivity-rises-life
20140329_FNC628,20140329,A decade on the floor,https://web.archive.org/web/20191020044659id_/https://www.economist.com/sites/default/files/images/print-edition/20140329_FNC628.png,https://www.economist.com/news/finance-and-economics/21599774-higher-inflation-may-be-needed-leave-extra-low-interest-rates-behind-up-up-and
20140329_WBC620,20140329,Rebuilding,https://web.archive.org/web/20230812015705id_/https://www.economist.com/sites/default/files/images/print-edition/20140329_WBC620.png,https://www.economist.com/news/business/21599813-investors-are-pouring-market-faster-tenants-skyscraper-too-far
20140405_AMC657,20140405,More money needed,https://web.archive.org/web/20170911131555id_/https://cdn.static-economist.com/sites/default/files/images/print-edition/20140405_AMC657.png,https://www.economist.com/news/americas/21600128-cuba-eases-investment-rules-many-cuban-americans-turn-against-embargo-strait-talk
20140405_CNC682,20140405,Golden oldies,https://web.archive.org/web/20190620112502id_/https://cdn.static-economist.com/sites/default/files/images/print-edition/20140405_CNC682.png,https://www.economist.com/news/china/21600160-pensions-crisis-looms-china-looks-raising-retirement-age-paying-grey
20140405_MAC954,20140405,Shake those branches,https://web.archive.org/web/20170823150435id_/https://cdn.static-economist.com/sites/default/files/images/print-edition/20140405_MAC954.png,https://www.economist.com/news/middle-east-and-africa/21600180-king-abdullah-appoints-second-line-throne-next-after-next
20140405_USC662,20140405,The rewarding and the ruinous,https://web.archive.org/web/20200308005657id_/https://www.economist.com/img/b/600/2474/85/sites/default/files/20140405_USC662_0.png,https://www.economist.com/news/united-states/21600131-too-many-degrees-are-waste-money-return-higher-education-would-be-much-better
20140405_WBC681,20140405,Cheap and cheerful,https://web.archive.org/web/20170318213647id_/http://cdn.static-economist.com/sites/default/files/images/print-edition/20140405_WBC681.png,https://www.economist.com/news/business/21600134-smartphones-reach-masses-host-vendors-are-eager-serve-them-rise-cheap
20140412_BRC702,20140412,Bricking it,https://web.archive.org/web/20220820033020id_/https://www.economist.com/sites/default/files/images/print-edition/20140412_BRC702_0.png,https://www.economist.com/news/britain/21600728-property-prices-are-rising-swiftly-bank-england-may-intervene-cool-it
20140412_WWC710,20140412,Gross government debt,https://web.archive.org/web/20220818210140id_/https://www.economist.com/img/b/640/629/90/sites/default/files/20140412_WWC710.png,https://www.economist.com/news/world-week/21600750-business-week
20140503_BRC806,20140503,"Lots of work, not much to show for it",https://web.archive.org/web/20190620111923id_/https://cdn.static-economist.com/sites/default/files/images/print-edition/20140503_BRC806.png,https://www.economist.com/news/britain/21601546-low-paying-recovery-might-last-be-turning-something-better-waiting-payday
20140503_EUC794,20140503,In the middle,https://web.archive.org/web/20230818161225id_/https://www.economist.com/sites/default/files/images/print-edition/20140503_EUC794.png,https://www.economist.com/news/europe/21601529-flush-tax-revenues-germany-considers-ending-bracket-creep-steep-and-cold-progression
20140503_MAC818,20140503,Ever angrier,https://web.archive.org/web/20180106173619id_/https://cdn.static-economist.com/sites/default/files/images/print-edition/20140503_MAC818.png,https://www.economist.com/news/middle-east-and-africa/21601533-south-africa-better-place-1994-it-going-wrong
20140517_BRC809,20140517,Moveable feast,https://web.archive.org/web/20170202051914id_/http://cdn.static-economist.com/sites/default/files/images/print-edition/20140517_BRC809.png,https://www.economist.com/news/britain/21602233-slow-death-chip-shop-polystyrene-dreams
20140517_FBC877,20140517,Populists' progress,https://web.archive.org/web/20170525224347id_/http://cdn.static-economist.com/sites/default/files/images/print-edition/20140517_FBC877.png,https://www.economist.com/news/briefing/21602200-european-elections-will-neither-lend-new-credibility-european-parliament-nor-give
20140517_IRC878,20140517,Close every door to me,https://web.archive.org/web/20220707052538id_/https://www.economist.com/sites/default/files/images/print-edition/20140517_IRC878.png,https://www.economist.com/news/international/21602251-changing-face-worlds-non-citizens-nowhere-call-home
20140517_WBC845,20140517,Informally inefficient,https://web.archive.org/web/20220220064805id_/https://www.economist.com/sites/default/files/images/print-edition/20140517_WBC845.png,https://www.economist.com/news/business/21602242-why-countrys-firms-do-not-want-grow-up-peter-pan-syndrome
20140524_BRC024,20140524,Shawshank detention,https://web.archive.org/web/20230818192414id_/https://www.economist.com/sites/default/files/images/print-edition/20140524_BRC024.png,https://www.economist.com/news/britain/21602718-british-prisons-are-not-porous-recent-rash-absconding-suggests-they-are-danger
20140531_BRC079,20140531,Close companions,https://web.archive.org/web/20170220042819id_/http://cdn.static-economist.com/sites/default/files/images/print-edition/20140531_BRC079.png,https://www.economist.com/news/britain/21603048-why-ukip-should-fret-about-britains-broadening-recovery-enjoy-it-while-it-lasts
20140531_INC088,20140531,Stockmarkets,https://web.archive.org/web/20230818233225id_/https://www.economist.com/img/b/1190/736/90/sites/default/files/20140531_INC088.png,https://www.economist.com/news/economic-and-financial-indicators/21603010-stockmarkets
20140531_WWC082,20140531,Iron ore,https://web.archive.org/web/20230918043918id_/https://www.economist.com/img/b/834/469/90/sites/default/files/20140531_WWC082.png,https://www.economist.com/news/world-week/21603075-business-week
20140607_BRC109,20140607,British reserve,https://web.archive.org/web/20220721203040id_/https://www.economist.com/sites/default/files/images/print-edition/20140607_BRC109.png,https://www.economist.com/news/britain/21603446-mergers-involving-british-firms-are-record-lows-what-happened-animal-spirits
20140607_BRC113,20140607,Still tight-fisted,https://web.archive.org/web/20220721203044id_/https://www.economist.com/sites/default/files/images/print-edition/20140607_BRC113.png,https://www.economist.com/news/britain/21603446-mergers-involving-british-firms-are-record-lows-what-happened-animal-spirits
20140607_FBC127,20140607,The big leagues,https://web.archive.org/web/20171023171203id_/https://cdn.static-economist.com/sites/default/files/images/print-edition/20140607_FBC127.png,https://www.economist.com/news/briefing/21603420-worlds-largest-nations-will-play-almost-no-part-world-cup-there-are-signs
20140607_FNC104,20140607,The low countries,https://web.archive.org/web/20220714005159id_/https://www.economist.com/sites/default/files/images/print-edition/20140607_FNC104.png,https://www.economist.com/news/finance-and-economics/21603448-return-old-relationship-between-asset-prices-land-falling-yield
20140607_STC108,20140607,De-deforestation,https://web.archive.org/web/20180914120629id_/https://cdn.static-economist.com/sites/default/files/images/print-edition/20140607_STC108.png,https://www.economist.com/news/science-and-technology/21603409-how-brazil-became-world-leader-reducing-environmental-degradation-cutting
20140614_CNC156,20140614,The cost of fat,https://web.archive.org/web/20210212110140id_/https://www.economist.com/sites/default/files/images/print-edition/20140614_CNC156.png,https://www.economist.com/news/china/21604221-why-china-under-and-over-nourished-same-time-chubby-little-emperors
20140614_WBC154,20140614,Short of horsepower,https://web.archive.org/web/20220714010805id_/https://www.economist.com/sites/default/files/images/print-edition/20140614_WBC154.png,https://www.economist.com/news/business/21604159-halfway-through-meg-whitmans-five-year-recovery-plan-silicon-valley-company-still-has
20140621_IRC194,20140621,No refuge,https://web.archive.org/web/20180517120551id_/https://cdn.static-economist.com/sites/default/files/images/print-edition/20140621_IRC194.png,https://www.economist.com/news/international/21604577-record-number-people-are-being-uprooted-conflict-flight-dispossessed
20140628_EUC228,20140628,"Spain up, France down",https://web.archive.org/web/20221025124737id_/https://www.economist.com/img/b/1000/969/90/sites/default/files/images/print-edition/20140628_EUC228.png,https://www.economist.com/news/europe/21605962-surprisingly-strong-recovery-largely-export-driven-bouncing-back
20140628_FNC219,20140628,"More educated, but how much richer?",https://web.archive.org/web/20220119000708id_/https://www.economist.com/img/b/600/811/90/sites/default/files/20140628_FNC219.png,https://www.economist.com/news/finance-and-economics/21605909-returns-investing-university-education-vary-enormously-wealth
20140712_CNC315,20140712,From A to B,https://web.archive.org/web/20210225024540id_/https://www.economist.com/sites/default/files/images/print-edition/20140712_CNC315.png,https://www.economist.com/news/china/21606899-export-superpower-china-suffers-surprisingly-inefficient-logistics-flow-things
20140712_INC310,20140712,Financial literacy,https://web.archive.org/web/20230502161322id_/https://www.economist.com/img/b/1280/1642/90/sites/default/files/images/2014/07/articles/main/20140712_inc310.png,https://www.economist.com/news/economic-and-financial-indicators/21606844-financial-literacy
20140712_LDC314,20140712,Murder rates,https://web.archive.org/web/20180802071422id_/https://cdn.static-economist.com/sites/default/files/images/print-edition/20140712_LDC314.png,https://www.economist.com/news/leaders/21606830-iron-fist-not-way-tackle-regions-most-pressing-problem-cage
20140712_WOC298,20140712,Peace process,https://web.archive.org/web/20170308232222id_/http://cdn.static-economist.com/sites/default/files/images/2014/07/articles/body/20140712_woc298.png,https://www.economist.com/news/americas/21606864-citizens-security-regions-biggest-problem-time-improve-criminal-justice-broken
20140719_AMC345,20140719,Troublemaker and moneymaker,https://web.archive.org/web/20191209230913id_/https://www.economist.com/sites/default/files/images/print-edition/20140719_AMC345.png,https://www.economist.com/news/americas/21607889-bom-dia-mr-putin-and-mr-xi-monogamous-no-more
20140719_FBC356,20140719,Worst of both worlds,https://web.archive.org/web/20170709134133id_/https://cdn.static-economist.com/sites/default/files/images/print-edition/20140719_FBC356.png,https://www.economist.com/news/briefing/21607810-new-figures-show-speed-which-americas-economy-can-grow-without-stoking-inflation-has
20140719_WWC352,20140719,Unaccompanied children stopped at US border,https://web.archive.org/web/20170830200225id_/https://cdn.static-economist.com/sites/default/files/images/2014/07/articles/body/20140719_wwc352.png,https://www.economist.com/news/world-week/21607884-politics-week
20140726_STC381,20140726,Ever downward,https://web.archive.org/web/20230918121006id_/https://www.economist.com/sites/default/files/images/print-edition/20140726_STC381.png,https://www.economist.com/news/science-and-technology/21608568-campaigners-are-now-talking-openly-beating-aids-epidemic-end
20140809_USC457,20140809,The lucky left,https://web.archive.org/web/20170221072231id_/http://cdn.static-economist.com/sites/default/files/images/print-edition/20140809_USC457.png,https://www.economist.com/news/united-states/21611143-why-economy-has-grown-faster-under-democratic-presidents-timing-everything
20140816_ASC511,20140816,Depressed consumers,https://web.archive.org/web/20190620105315id_/https://cdn.static-economist.com/sites/default/files/images/print-edition/20140816_ASC511.png,https://www.economist.com/news/asia/21612232-sudden-sharp-contraction-may-be-more-blip-fingers-crossed
20140816_WWC524,20140816,GDP,https://web.archive.org/web/20230918044723id_/https://www.economist.com/img/b/1280/720/90/sites/default/files/20140816_WWC524.png,https://www.economist.com/news/world-week/21612259-business-week
20140823_FNC565,20140823,No more yo-yo,https://web.archive.org/web/20190925100337id_/https://www.economist.com/sites/default/files/images/print-edition/20140823_FNC565.png,https://www.economist.com/news/finance-and-economics/21613305-money-spinners-await-their-fate-fixed-rates
20140823_GDC559,20140823,Share of enrolment in public elementary and secondary schools,https://web.archive.org/web/20201002151101id_/https://www.economist.com/img/b/1190/898/90/sites/default/files/20140823_GDC559.png,https://www.economist.com/news/united-states/21613277-new-white-minority
20140823_LDC578,20140823,GDP,https://web.archive.org/web/20220713145318id_/https://www.economist.com/sites/default/files/images/print-edition/20140823_LDC578.png,https://www.economist.com/news/leaders/21613259-european-central-bank-should-learn-success-unconventional-policies-america-and
20140823_MAC567,20140823,The African bulge,https://web.archive.org/web/20170903142145id_/https://cdn.static-economist.com/sites/default/files/images/print-edition/20140823_MAC567.png,https://www.economist.com/news/middle-east-and-africa/21613349-end-century-almost-half-worlds-children-may-be-african-can-it
20140823_WBC574,20140823,Africa's engine of growth,https://web.archive.org/web/20171203112028id_/https://cdn.static-economist.com/sites/default/files/images/print-edition/20140823_WBC574.png,https://www.economist.com/news/business/21613341-make-it-big-africa-business-must-succeed-nigeria-continents-largest-market-no
20140830_ASC605,20140830,Room for improvement,https://web.archive.org/web/20191026055821id_/https://www.economist.com/sites/default/files/images/print-edition/20140830_ASC605.png,https://www.economist.com/news/asia/21614236-indonesias-constitutional-court-has-confirmed-joko-widodo-will-be-next-president-he-faces
20140830_CNC597,20140830,Better private than red,https://web.archive.org/web/20170722131802id_/https://cdn.static-economist.com/sites/default/files/images/print-edition/20140830_CNC597.png,https://www.economist.com/news/china/21614240-reform-state-companies-back-agenda-fixing-china-inc
20140830_EUC596,20140830,Down again,https://web.archive.org/web/20191014185655id_/https://www.economist.com/sites/default/files/images/print-edition/20140830_EUC596.png,https://www.economist.com/news/europe/21614178-germanys-economy-stutters-even-if-fundamentals-are-strong-watching-wages
20140906_AMC617,20140906,The great moderation,https://web.archive.org/web/20190803172958id_/https://www.economist.com/sites/default/files/images/print-edition/20140906_AMC617.png,https://www.economist.com/news/americas/21615596-enrique-pe-nieto-charismatic-reformer-popularity-problem-turning-charm
20140906_USC638,20140906,Low town,https://web.archive.org/web/20170206060231id_/http://cdn.static-economist.com/sites/default/files/images/print-edition/20140906_USC638.png,https://www.economist.com/news/united-states/21615614-what-shutting-running-water-detroiters-reveals-about-city-finances-owe-town
20140906_WWC633,20140906,Brazil's GDP,https://web.archive.org/web/20220714152720id_/https://www.economist.com/img/b/1096/1076/90/sites/default/files/20140906_WWC633.png,https://www.economist.com/news/world-week/21615639-business-week
20140913_INC676,20140913,World GDP growth*,https://web.archive.org/web/20230918030656id_/https://www.economist.com/img/b/960/540/90/sites/default/files/20140913_INC676_595.png,https://www.economist.com/news/economic-and-financial-indicators/21616994-slowing-down
20140920_INC721,20140920,Mobile money in developing countries,https://web.archive.org/web/20210803050742id_/https://www.economist.com/img/b/1190/736/90/sites/default/files/20140920_INC721.png,https://www.economist.com/news/economic-and-financial-indicators/21618842-mobile-money-developing-countries
20140920_WWC728,20140920,US poverty rate,https://web.archive.org/web/20230729013900id_/https://www.economist.com/img/b/600/590/90/sites/default/files/20140920_WWC728.png,https://www.economist.com/news/world-week/21618905-politics-week
20140927_STC924,20140927,Fire crackers,https://web.archive.org/web/20221207121815id_/https://cdn.static-economist.com/sites/default/files/images/print-edition/20140927_STC924_0.png,https://www.economist.com/news/science-and-technology/21620048-invention-fire-may-explain-preference-evening
20141004_BRC792,20141004,Pricey digs,https://web.archive.org/web/20200112021912id_/https://www.economist.com/sites/default/files/images/print-edition/20141004_BRC792.png,https://www.economist.com/news/britain/21621884-farmland-prices-are-outperforming-prime-london-property-raking-it
20141004_WBC821,20141004,Yahoo's components,https://web.archive.org/web/20230729160726id_/https://www.economist.com/sites/default/files/images/print-edition/20141004_WBC821.png,https://www.economist.com/news/business/21621812-investors-put-low-value-yahoos-core-businessfor-now-what-it-really-worth
20141018_ASC895,20141018,Side-swiped,https://web.archive.org/web/20230729143914id_/https://www.economist.com/sites/default/files/images/print-edition/20141018_ASC895.png,https://www.economist.com/news/asia/21625863-will-prime-minister-keep-his-nerve-over-consumption-tax-consumptive
20141025_STC029,20141025,To every thing there is a season,https://web.archive.org/web/20170130185451id_/http://cdn.static-economist.com/sites/default/files/images/print-edition/20141025_STC029.png,https://www.economist.com/news/science-and-technology/21627561-cold-times-year-have-not-always-been-most-lethal-cruellest-months
20141101_MAC130,20141101,Crude politics,https://web.archive.org/web/20220817081713id_/https://www.economist.com/sites/default/files/images/print-edition/20141101_MAC130.png,https://www.economist.com/news/middle-east-and-africa/21629484-warring-factions-quietly-co-operate-keep-up-oil-exports-it-may-not-last
20141108_FNC191,20141108,When two tribes go to war,https://web.archive.org/web/20230729174228id_/https://www.economist.com/sites/default/files/images/print-edition/20141108_FNC191.png,https://www.economist.com/news/finance-and-economics/21631136-fed-mollifies-its-hawks-now-its-doves-are-fretting-advice-and-dissent
20141108_LDC206,20141108,Central banks' assets,https://web.archive.org/web/20190217160444id_/https://cdn.static-economist.com/sites/default/files/images/print-edition/20141108_LDC206.png,https://www.economist.com/news/leaders/21631028-central-bank-right-be-bold-now-prime-minister-must-follow-suit-big-bazookas
20141108_MAC202,20141108,The way of the mammoths,https://web.archive.org/web/20170828142848id_/https://cdn.static-economist.com/sites/default/files/images/print-edition/20141108_MAC202.png,https://www.economist.com/news/middle-east-and-africa/21631202-claims-links-between-politicians-and-poachers-merit-further-investigation-big
20141115_EUC234,20141115,Come and claim,https://web.archive.org/web/20190620102359id_/https://cdn.static-economist.com/sites/default/files/images/print-edition/20141115_EUC234.png,https://www.economist.com/news/europe/21632571-european-court-justice-lets-governments-restrict-migrant-benefits-benefits-tourism-not-ok
20141122_ASC307,20141122,Shabbynomics,https://web.archive.org/web/20220713125248id_/https://www.economist.com/sites/default/files/images/print-edition/20141122_ASC307.png,https://www.economist.com/news/asia/21633874-shinzo-abe-preparing-do-battle-snap-general-election-bigger-struggle-will-be
20141122_FBC287,20141122,Plummeting,https://web.archive.org/web/20170823162445id_/https://cdn.static-economist.com/sites/default/files/images/2014/11/articles/body/20141122_FBC287.png,https://www.economist.com/news/briefing/21633816-more-decade-oil-income-and-consumer-spending-have-delivered-growth-vladimir-putins
20141122_INC308,20141122,Global business barometer,https://web.archive.org/web/20141123061618id_/http://cdn.static-economist.com/sites/default/files/images/2014/11/articles/main/20141122_INC308.png,https://www.economist.com/news/economic-and-financial-indicators/21633867-global-business-barometer
20141122_USC066,20141122,Needle spike,https://web.archive.org/web/20170308045600id_/http://cdn.static-economist.com/sites/default/files/images/2014/11/articles/body/20141122_usc066.png,https://www.economist.com/news/united-states/21633819-old-sickness-has-returned-haunt-new-generation-great-american-relapse
20141129_FNC366,20141129,Home sweet home,https://web.archive.org/web/20200709175901id_/https://www.economist.com/sites/default/files/images/print-edition/20141129_FNC366.png,https://www.economist.com/news/finance-and-economics/21635050-weaker-world-economy-does-not-hurt-and-may-help-america-lonely-locomotive
20141129_LDC361,20141129,Government spending,https://web.archive.org/web/20170614165721id_/https://cdn.static-economist.com/sites/default/files/images/print-edition/20141129_LDC361.png,https://www.economist.com/news/leaders/21635021-britain-still-faces-big-fiscal-challenges-conservatives-have-wrong-plan-dealing
20141213_AMC497,20141213,Death march,https://web.archive.org/web/20170504195326id_/http://cdn.static-economist.com/sites/default/files/images/print-edition/20141213_AMC497.png,https://www.economist.com/news/americas/21636052-drugs-and-machismo-are-dangerous-mix-lethal-culture
20141213_FNC509,20141213,Under control,https://web.archive.org/web/20180310081931id_/https://cdn.static-economist.com/sites/default/files/images/print-edition/20141213_FNC509.png,https://www.economist.com/news/finance-and-economics/21636082-counter-cyclical-capital-controls-are-great-theory-less-useful
20141213_LDC495,20141213,Greek stockmarket,https://web.archive.org/web/20170504195206id_/http://cdn.static-economist.com/sites/default/files/images/print-edition/20141213_LDC495.png,https://www.economist.com/news/leaders/21636036-euro-still-vulnerable-and-greece-not-only-problem-crisis-revisited
20141213_WWC517,20141213,Active monthly users,https://web.archive.org/web/20141215221830id_/http://cdn.static-economist.com/sites/default/files/images/2014/12/articles/main/20141213_wwc517.png,https://www.economist.com/news/world-week/21636084-business-week
20141220_IRC530,20141220,Worldly wise,https://web.archive.org/web/20170805140741id_/https://cdn.static-economist.com/sites/default/files/images/print-edition/20141220_IRC530.png,https://www.economist.com/news/international/21636757-english-language-schools-once-aimed-expatriates-now-cater-domestic-elites-new
20150110_WBC648,20150110,Speeding ahead,https://web.archive.org/web/20170722133034id_/https://cdn.static-economist.com/sites/default/files/images/print-edition/20150110_WBC648.png,https://www.economist.com/news/business/21638109-high-speed-networks-are-spreading-fast-face-rising-competition-problems-down-line
20150124_EUC763,20150124,Down and then up,https://web.archive.org/web/20190620095411id_/https://cdn.static-economist.com/sites/default/files/images/print-edition/20150124_EUC763.png,https://www.economist.com/news/europe/21640385-terror-makes-president-statesman-his-new-popularity-may-not-last-after-janvier
20150124_FBC772,20150124,“...but it's not fair”,https://web.archive.org/web/20170201055750id_/http://cdn.static-economist.com/sites/default/files/images/print-edition/20150124_FBC772.png,https://www.economist.com/news/briefing/21640316-children-rich-and-powerful-are-increasingly-well-suited-earning-wealth-and-power
20150124_LDC786,20150124,Private equity in sub-Saharan Africa,https://web.archive.org/web/20210423030101id_/https://www.economist.com/sites/default/files/images/print-edition/20150124_LDC786.png,https://www.economist.com/news/leaders/21640349-africa-needs-lot-capital-private-equity-offers-lessons-how-get-it-there-unblocking
20150124_USC779,20150124,Boom at the top,https://web.archive.org/web/20180927124358id_/https://cdn.static-economist.com/sites/default/files/images/print-edition/20150124_USC779.png,https://www.economist.com/news/united-states/21640351-barack-obama-tries-set-tone-2016-middle-class-economics
20150124_WBC784,20150124,Drilling down,https://web.archive.org/web/20230807114129id_/https://www.economist.com/sites/default/files/images/print-edition/20150124_WBC784_0.png,https://www.economist.com/news/business/21640328-amid-gloom-and-cutbacks-industry-strong-will-get-stronger-tough-get-going
20150131_LDC889,20150131,China's reserves,https://web.archive.org/web/20180302031304id_/https://cdn.static-economist.com/sites/default/files/images/print-edition/20150131_LDC889.png,https://www.economist.com/news/leaders/21641203-chinas-loans-foundering-governments-may-seem-challenge-imf-biggest-risks-are
20150207_FNC013,20150207,"More carry, less trade",https://web.archive.org/web/20230807093102id_/https://www.economist.com/img/b/600/697/90/sites/default/files/images/2015/02/articles/body/20150207_fnc013.png,https://www.economist.com/news/finance-and-economics/21642204-monetary-policies-and-falling-inflation-are-behind-currency-turmoil-money-changers
20150207_LDC038,20150207,CO₂ emissions,https://web.archive.org/web/20190211050039id_/https://www.economist.com/sites/default/files/images/print-edition/20150207_LDC038.png,https://www.economist.com/news/leaders/21642172-narendra-modi-should-learn-chinas-mistakes-its-too-late-indian-winter
20150207_MAC004,20150207,Vote of no confidence,https://web.archive.org/web/20230807141558id_/https://www.economist.com/sites/default/files/images/print-edition/20150207_MAC004.png,https://www.economist.com/news/middle-east-and-africa/21642240-genuine-democracy-has-been-slow-take-root-hook-crook-or-chequebook
20150214_FNC114,20150214,Safe as offices,https://web.archive.org/web/20190419210636id_/https://cdn.static-economist.com/sites/default/files/images/2015/02/articles/body/20150214_fnc114.png,https://www.economist.com/news/finance-and-economics/21643207-commercial-property-has-been-delivering-excellent-returns-skys-limit
20150214_GDC913,20150214,Rust in space,https://web.archive.org/web/20181114134952id_/https://cdn.static-economist.com/sites/default/files/images/2015/02/articles/body/20150214_gdc913.png,https://www.economist.com/news/science-and-technology/21643028-satellite-well-past-its-prime-should-get-replaced-week-it-one
20150214_INC133,20150214,Global defence spending,https://web.archive.org/web/20150215062850id_/http://cdn.static-economist.com/sites/default/files/images/2015/02/articles/main/20150214_inc133.png,https://www.economist.com/news/economic-and-financial-indicators/21643167-global-defence-spending
20150214_MAC104,20150214,Bulging wallets,https://web.archive.org/web/20170205161939id_/http://cdn.static-economist.com/sites/default/files/images/print-edition/20150214_MAC104.png,https://www.economist.com/news/middle-east-and-africa/21643217-clumsy-new-rules-could-ruin-badly-needed-tourist-business-killing-golden-goose
20150214_STC131,20150214,Top down,https://web.archive.org/web/20170204034034id_/http://cdn.static-economist.com/sites/default/files/images/2015/02/articles/body/20150214_stc131.png,https://www.economist.com/news/science-and-technology/21643059-earths-northernmost-sea-stirring-consequences-are-both-good-and
20150221_ASC192,20150221,"Ahead of the pack, this time",https://web.archive.org/web/20230807121212id_/https://www.economist.com/sites/default/files/images/print-edition/20150221_ASC192.png,https://www.economist.com/news/asia/21644223-budget-next-week-must-be-bold-enough-turn-cyclical-recovery-sustained-boom-more
20150221_BRC084,20150221,Big box boom,https://web.archive.org/web/20230807114054id_/https://www.economist.com/sites/default/files/images/print-edition/20150221_BRC084.png,https://www.economist.com/news/britain/21644157-money-pouring-warehouses-golden-sheds
20150221_CNC196,20150221,Go West,https://web.archive.org/web/20190820112921id_/https://cdn.static-economist.com/sites/default/files/images/print-edition/20150221_CNC196.png,https://www.economist.com/news/china/21644222-yearning-american-higher-education-has-driven-surge-overseas-study-georgia-their
20150221_INC209,20150221,Market performance,https://web.archive.org/web/20150222051503id_/http://cdn.static-economist.com/sites/default/files/images/2015/02/articles/main/20150221_inc209.png,https://www.economist.com/news/economic-and-financial-indicators/21644170-market-performance
20150228_FNC287,20150228,Worse than it looks,https://web.archive.org/web/20170929211154id_/https://cdn.static-economist.com/sites/default/files/images/print-edition/20150228_FNC287.png,https://www.economist.com/news/finance-and-economics/21645248-brazils-fiscal-and-monetary-levers-are-jammed-result-it-risks-getting-stuck
20150228_LDC295,20150228,Government spending,https://web.archive.org/web/20170406145800id_/http://cdn.static-economist.com/sites/default/files/images/print-edition/20150228_LDC295.png,https://www.economist.com/news/leaders/21645192-britain-should-stop-subsidising-old-and-rich-expense-young-and-poor-granny
20150307_EUC351,20150307,Putin's downs and ups,https://web.archive.org/web/20170610053932id_/https://cdn.static-economist.com/sites/default/files/images/print-edition/20150307_EUC351.png,https://www.economist.com/news/europe/21645838-assassination-boris-nemtsov-leaves-liberal-russians-fear-new-wave-violent
20150307_IRC356,20150307,Storming the ivory towers,https://web.archive.org/web/20170623081421id_/http://cdn.static-economist.com/sites/default/files/images/print-edition/20150307_IRC356_1.png,https://www.economist.com/news/international/21645759-boys-are-being-outclassed-girls-both-school-and-university-and-gap
20150307_LDC295,20150307,Health-care spending,https://web.archive.org/web/20170718055618id_/https://cdn.static-economist.com/sites/default/files/images/print-edition/20150307_LDC295.png,https://www.economist.com/news/leaders/21645730-supreme-court-considers-whether-gut-obamacare-evidence-mounting-law
20150307_WWC398,20150307,Global smartphone sales,https://web.archive.org/web/20220714110823id_/https://www.economist.com/img/b/1000/1061/90/sites/default/files/20150307_WWC398.png,https://www.economist.com/news/world-week/21645858-business-week
20150314_AMC462,20150314,Standoffish neighbours,https://web.archive.org/web/20191220132258id_/https://www.economist.com/sites/default/files/images/print-edition/20150314_AMC462.png,https://www.economist.com/news/americas/21646273-pacific-alliance-great-brand-search-shared-product-how-deep-their-love
20150314_ASC999,20150314,Needed: a proper debate,https://web.archive.org/web/20170218204449id_/http://cdn.static-economist.com/sites/default/files/images/print-edition/20150314_ASC999_0.png,https://www.economist.com/news/asia/21646271-stifling-debate-about-social-problems-politicians-make-them-harder-solve-how-damage-indias
20150314_BBC958,20150314,"Progress, made in Asia",https://web.archive.org/web/20170218082253id_/http://cdn.static-economist.com/sites/default/files/images/print-edition/20150314_BBC958.png,https://www.economist.com/news/briefing/21646180-rising-chinese-wages-will-only-strengthen-asias-hold-manufacturing-tightening-grip
20150314_EUC474,20150314,Ever upward,https://web.archive.org/web/20170820223131id_/https://cdn.static-economist.com/sites/default/files/images/print-edition/20150314_EUC474.png,https://www.economist.com/news/europe/21646237-national-front-surges-polls-its-leader-strives-show-reassuring-face-operation
20150314_INC465,20150314,Maternal and child mortality,https://web.archive.org/web/20150315052051id_/http://cdn.static-economist.com/sites/default/files/images/2015/03/articles/main/20150314_inc465.png,https://www.economist.com/news/economic-and-financial-indicators/21646229-maternal-and-child-mortality
20150314_STC987,20150314,The ups and downs of modern sea power,https://web.archive.org/web/20170718053228id_/https://cdn.static-economist.com/sites/default/files/images/print-edition/20150314_STC987.png,https://www.economist.com/news/science-and-technology/21646176-new-project-coast-australia-may-make-wave-power-reality-looks-swell
20150321_MAC111,20150321,A choice of allies,https://web.archive.org/web/20230807120629id_/https://www.economist.com/sites/default/files/images/print-edition/20150321_MAC111.png,https://www.economist.com/news/middle-east-and-africa/21646785-prime-minister-resoundingly-wins-fourth-term-divisive-tactics
20150328_AMC610,20150328,Watch your step,https://web.archive.org/web/20230807103349id_/https://www.economist.com/img/b/1280/1320/90/sites/default/files/20150328_AMC610.png,https://www.economist.com/news/americas/21647328-landmine-clearance-deal-brings-colombia-step-closer-ending-50-years-war-treading
20150328_ASC637,20150328,Yokoso!,https://web.archive.org/web/20190620090032id_/https://cdn.static-economist.com/sites/default/files/images/print-edition/20150328_ASC637.png,https://www.economist.com/news/asia/21647332-economy-gets-boost-record-numbers-visitors-treasure-hunt
20150328_FNC640,20150328,Gap years,https://web.archive.org/web/20210424191532id_/https://www.economist.com/sites/default/files/images/print-edition/20150328_FNC640.png,https://www.economist.com/news/finance-and-economics/21647321-financial-markets-have-not-priced-britains-shaky-politics-mayday
20150328_FNC672,20150328,Steel yourself,https://web.archive.org/web/20200114190800id_/https://www.economist.com/img/b/640/299/85/sites/default/files/20150328_FNC672_595.png,https://www.economist.com/news/finance-and-economics/21647289-there-such-thing-skyscraper-curse-towers-babel
20150328_LDC667,20150328,Poverty rate,https://web.archive.org/web/20170711191323id_/https://cdn.static-economist.com/sites/default/files/images/print-edition/20150328_LDC667.png,https://www.economist.com/news/leaders/21647286-proposed-sustainable-development-goals-would-be-worse-useless-169-commandments
20150404_AMC713,20150404,Bound and gagged,https://web.archive.org/web/20170625100936id_/https://cdn.static-economist.com/sites/default/files/images/print-edition/20150404_AMC713.png,https://www.economist.com/news/americas/21647645-not-content-harassing-press-regime-censors-itself-maduros-muzzle
20150404_BRC729,20150404,How modest,https://web.archive.org/web/20191103143611id_/https://www.economist.com/sites/default/files/images/print-edition/20150404_BRC729.png,https://www.economist.com/news/britain/21647671-country-running-down-its-armed-forces-and-its-diplomatic-resources-despair
20150404_FBC717,20150404,The fall,https://web.archive.org/web/20180814140220id_/https://cdn.static-economist.com/sites/default/files/images/print-edition/20150404_FBC717_1.png,https://www.economist.com/news/briefing/21647622-land-centre-pre-industrial-economy-has-returned-constraint-growth
20150404_WBC737,20150404,"From Big Blue, to mighty Microsoft, to Apple's ascendancy",https://web.archive.org/web/20180626062309id_/https://cdn.static-economist.com/sites/default/files/images/print-edition/20150404_WBC737_0.png,https://www.economist.com/news/business/21647612-once-dominant-software-giant-determined-prove-life-begins-again-40-opening
20150411_EUC769,20150411,Slow progress,https://web.archive.org/web/20201228053323id_/https://www.economist.com/sites/default/files/images/print-edition/20150411_EUC769.png,https://www.economist.com/news/europe/21648021-italy-busily-pushing-through-reforms-biggest-ones-will-take-years-complete-working
20150411_LDC774,20150411,GDP,https://web.archive.org/web/20170208020054id_/http://cdn.static-economist.com/sites/default/files/images/print-edition/20150411_LDC774.png,https://www.economist.com/news/leaders/21647970-investors-are-becoming-excited-about-europe-againtoo-excited-dont-get-europhoric
20150418_WBC823,20150418,Always Moore,https://web.archive.org/web/20170715095756id_/https://cdn.static-economist.com/sites/default/files/images/print-edition/20150418_WBC823_0.png,https://www.economist.com/news/business/21648683-microchip-pioneers-prediction-has-bit-more-life-left-it-ever-more-moore
20150425_INC042,20150425,Exchange rates against the dollar,https://web.archive.org/web/20230731194001id_/https://www.economist.com/img/b/1190/772/90/sites/default/files/images/2015/04/articles/main/20150425_inc042.png,https://www.economist.com/news/economic-and-financial-indicators/21649493-exchange-rates-against-dollar
20150425_WBC018,20150425,Reach for the sky,https://web.archive.org/web/20170220023256id_/http://cdn.static-economist.com/sites/default/files/images/print-edition/20150425_WBC018_0.png,https://www.economist.com/news/business/21649509-advance-emirates-etihad-and-qatar-latterly-joined-turkish-airlines-looks-set
20150502_AMC106,20150502,Calgary comedown,https://web.archive.org/web/20170609131020id_/https://cdn.static-economist.com/sites/default/files/images/print-edition/20150502_AMC106.png,https://www.economist.com/news/americas/21650134-where-you-been-so-long
20150502_ASC888,20150502,Fuelled up,https://web.archive.org/web/20201205103117id_/https://www.economist.com/sites/default/files/images/print-edition/20150502_ASC888.png,https://www.economist.com/news/asia/21650175-lower-oil-prices-prove-be-boon-fuel-injection
20150502_FNC083,20150502,Out of the rubble,https://web.archive.org/web/20170710082059id_/https://cdn.static-economist.com/sites/default/files/images/print-edition/20150502_FNC083.png,https://www.economist.com/news/finance-and-economics/21650188-dont-mistake-stronger-rouble-russian-economic-recovery-worst-yet
20150509_EUC189,20150509,Left back,https://web.archive.org/web/20210306085905id_/https://www.economist.com/sites/default/files/images/print-edition/20150509_EUC189.png,https://www.economist.com/news/europe/21650563-helle-thorning-schmidt-may-yet-win-re-election-year-they-love-me-not-they-love-me
20150509_LDC934,20150509,Global fintech investment,https://web.archive.org/web/20170206070643id_/http://cdn.static-economist.com/sites/default/files/images/print-edition/20150509_LDC934.png,https://www.economist.com/news/leaders/21650546-wave-startups-changing-financefor-better-fintech-revolution
20150516_WWC282,20150516,Religion in the US,https://web.archive.org/web/20220714001241id_/https://www.economist.com/img/b/1000/1061/90/sites/default/files/20150516_WWC282.png,https://www.economist.com/news/world-week/21651283-politics-week
20150523_LDC348,20150523,"GDP per person, $'000",https://web.archive.org/web/20200717220804id_/https://www.economist.com/sites/default/files/images/print-edition/20150523_LDC348.png,https://www.economist.com/news/leaders/21651819-west-should-do-much-more-help-ukraines-economy-other-battleground
20150530_BRC407,20150530,Clocking off,https://web.archive.org/web/20190329043133id_/https://cdn.static-economist.com/sites/default/files/images/print-edition/20150530_BRC407.png,https://www.economist.com/news/britain/21652354-conservatives-take-old-foe-back-future
20150530_FBC423,20150530,Declining prospects,https://web.archive.org/web/20170723100605id_/https://cdn.static-economist.com/sites/default/files/images/print-edition/20150530_FBC423.png,https://www.economist.com/news/briefing/21652265-foreign-policy-hubristic-disaster-and-economy-slide-wont-stop
20150530_INC403,20150530,Investment in Africa,https://web.archive.org/web/20150531052333id_/http://cdn.static-economist.com/sites/default/files/images/2015/05/articles/main/20150530_inc403.png,https://www.economist.com/news/economic-and-financial-indicators/21652274-investment-africa
20150606_CNC499,20150606,Bad upturn,https://web.archive.org/web/20170823165554id_/https://cdn.static-economist.com/sites/default/files/images/print-edition/20150606_CNC499_1.png,https://www.economist.com/news/china/21653672-bad-loans-sale-online-auctions-everything-creditor
20150606_EUC457,20150606,More than you think,https://web.archive.org/web/20190816091528id_/https://cdn.static-economist.com/sites/default/files/images/print-edition/20150606_EUC457.png,https://www.economist.com/news/europe/21653654-life-not-improving-one-europes-biggest-and-most-ostracised-minorities-left-behind
20150606_IRC522,20150606,Awash in cash,https://web.archive.org/web/20181218010806id_/https://cdn.static-economist.com/sites/default/files/images/print-edition/20150606_IRC522.png,https://www.economist.com/news/international/21653615-cash-corrupts-it-can-also-help-clean-up-sport-good-money-bad-money
20150606_MAC501,20150606,Powerless in Africa,https://web.archive.org/web/20170427203803id_/http://cdn.static-economist.com/sites/default/files/images/print-edition/20150606_MAC501.png,https://www.economist.com/news/middle-east-and-africa/21653618-falling-cost-renewable-energy-may-allow-africa-bypass
20150606_WWC516,20150606,GDP growth,https://web.archive.org/web/20170520191601id_/http://cdn.static-economist.com/sites/default/files/images/2015/06/articles/body/20150606_wwc516.png,https://www.economist.com/news/world-week/21653679-business-week
20150613_BRC580,20150613,Rarely in the black,https://web.archive.org/web/20220714220122id_/https://www.economist.com/img/b/1000/1031/90/sites/default/files/images/2015/06/articles/body/20150613_brc580.png,https://www.economist.com/news/britain/21654015-politics-trumps-economics-george-osborne-outlaws-borrowing-playing-book
20150613_CNC560,20150613,The good old days,https://web.archive.org/web/20230731184552id_/https://www.economist.com/sites/default/files/images/print-edition/20150613_CNC560_0.png,https://www.economist.com/news/china/21654107-former-colonys-economy-bound-ever-more-closely-chinas-motherlands-embrace
20150613_INC576,20150613,World GDP,https://web.archive.org/web/20180614110554id_/https://cdn.static-economist.com/sites/default/files/images/print-edition/20150613_INC576.png,https://www.economist.com/news/economic-and-financial-indicators/21654018-world-gdp
20150613_USC574,20150613,A wealth of knowledge,https://web.archive.org/web/20170918151650id_/https://cdn.static-economist.com/sites/default/files/images/print-edition/20150613_USC574_0.png,https://www.economist.com/news/united-states/21654075-unto-him-hath
20150627_AMC736,20150627,Ignore thy neighbour,https://web.archive.org/web/20170512011538id_/http://cdn.static-economist.com/sites/default/files/images/print-edition/20150627_AMC736_1.png,https://www.economist.com/news/americas/21656201-memories-galloping-growth-fade-it-time-tough-thinking-about-future-learning
20150627_STC765,20150627,Disasters caused by weather and climate,https://web.archive.org/web/20170708192430id_/https://cdn.static-economist.com/sites/default/files/images/2015/06/articles/body/20150627_stc765.png,https://www.economist.com/news/science-and-technology/21656133-climate-change
20150704_ASC786,20150704,For lack of loos,https://web.archive.org/web/20211009151346id_/https://www.economist.com/sites/default/files/images/print-edition/20150704_ASC786_1.png,https://www.economist.com/news/asia/21656709-government-withholds-report-nutrition-contains-valuable-lessons-secrecy-and
20150704_INC833,20150704,Manufacturing activity,https://web.archive.org/web/20220820191819id_/https://www.economist.com/img/b/600/389/90/sites/default/files/images/2015/07/articles/main/20150704_inc833.png,https://www.economist.com/news/economic-and-financial-indicators/21656644-manufacturing-activity
20150704_LDC750,20150704,World's busiest airports,https://web.archive.org/web/20220123140214id_/https://www.economist.com/img/b/800/657/90/sites/default/files/images/print-edition/20150704_LDC750.png,https://www.economist.com/news/leaders/21656663-britain-needs-expand-heathrow-airportand-soon-now-get-it
20150711_LDC033,20150711,Tax revenue,https://web.archive.org/web/20170716050309id_/https://cdn.static-economist.com/sites/default/files/images/print-edition/20150711_LDC033.png,https://www.economist.com/news/leaders/21657389-unheralded-meeting-africa-way-get-beyond-sterile-arguments-about-development-beyond
20150711_WBC899,20150711,Keeping it in the family,https://web.archive.org/web/20170716151843id_/https://cdn.static-economist.com/sites/default/files/images/print-edition/20150711_WBC899.png,https://www.economist.com/news/business/21657377-bid-merge-two-groups-companies-raises-wider-questions-reconstructing-samsung
20150718_BRC001,20150718,In limbo,https://web.archive.org/web/20170930172819id_/https://cdn.static-economist.com/sites/default/files/images/print-edition/20150718_BRC001.png,https://www.economist.com/news/britain/21657834-quietly-growing-crisis-unhoused-mean-streets
20150718_BRC106,20150718,Income before housing costs,https://web.archive.org/web/20170711131511id_/https://cdn.static-economist.com/sites/default/files/images/print-edition/20150718_BRC106.png,https://www.economist.com/news/britain/21657830-some-measures-are-more-equal-others
20150718_FNC074,20150718,Not London's forte,https://web.archive.org/web/20170929210139id_/https://cdn.static-economist.com/sites/default/files/images/print-edition/20150718_FNC074.png,https://www.economist.com/news/finance-and-economics/21658949-financiers-london-are-always-predicting-their-industrys-demise-time-they
20150718_STC096,20150718,Putting on years,https://web.archive.org/web/20170707181251id_/https://cdn.static-economist.com/sites/default/files/images/print-edition/20150718_STC096.png,https://www.economist.com/news/science-and-technology/21657768-self-control-improves-your-prospects-it-may-harm-your-health-no-good-deed
20150718_USC083,20150718,The colour of risk,https://web.archive.org/web/20170823010825id_/https://cdn.static-economist.com/sites/default/files/images/print-edition/20150718_USC083.png,https://www.economist.com/news/united-states/21657819-death-childbirth-unusually-common-america-exceptionally-deadly
20150725_BRC162,20150725,,https://web.archive.org/web/20170221081713id_/http://cdn.static-economist.com/sites/default/files/images/print-edition/20150725_BRC162.png,https://www.economist.com/news/britain/21659740-economics-cutting-class-truancy-pays
20150725_EUC158,20150725,"Going down, staying down",https://web.archive.org/web/20170221090402id_/http://cdn.static-economist.com/sites/default/files/images/print-edition/20150725_EUC158.png,https://www.economist.com/news/europe/21659742-more-fran-ois-hollande-does-world-stage-less-he-excites-his-voters-presidents
20150725_IRC057,20150725,"Bye-bye, baby",https://web.archive.org/web/20170221090209id_/http://cdn.static-economist.com/sites/default/files/images/print-edition/20150725_IRC057.png,https://www.economist.com/news/international/21659762-superiorbut-sadly-slowerway-measuring-fertility-lies-damned-lies-and-lysistrata
20150725_STC182,20150725,Trials and tribulations,https://web.archive.org/web/20170221085217id_/http://cdn.static-economist.com/sites/default/files/images/print-edition/20150725_STC182.png,https://www.economist.com/news/science-and-technology/21659703-failure-publish-results-all-clinical-trials-skewing-medical
20150725_WBC167,20150725,Bubbling up,https://web.archive.org/web/20170221032011id_/http://cdn.static-economist.com/sites/default/files/images/print-edition/20150725_WBC167.png,https://www.economist.com/news/business/21659738-foreign-businesses-eye-new-frontiers-many-obstacles-lie-their-way-when-sanctions
20150801_USC213,20150801,The rich get fitter,https://web.archive.org/web/20170215164424id_/http://cdn.static-economist.com/sites/default/files/images/print-edition/20150801_USC213.png,https://www.economist.com/news/united-states/21660170-sweating-purpose-becoming-elite-phenomenon-spin-separate
20150808_FNC294,20150808,Dropping stitches,https://web.archive.org/web/20170221054244id_/http://cdn.static-economist.com/sites/default/files/images/print-edition/20150808_FNC294.png,https://www.economist.com/news/finance-and-economics/21660598-setting-interest-rates-according-fixed-formula-bad-idea-rule-it-out
20150808_FNC314,20150808,¡Ándale! ¡Arriba!,https://web.archive.org/web/20170221081807id_/http://cdn.static-economist.com/sites/default/files/images/print-edition/20150808_FNC314_0.png,https://www.economist.com/news/finance-and-economics/21660550-growth-has-returned-dangers-still-lurk-back-its-feet
20150808_LDC001,20150808,"Banks' legal penalties, $bn",https://web.archive.org/web/20170221075932id_/http://cdn.static-economist.com/sites/default/files/images/print-edition/20150808_LDC001.png,https://www.economist.com/news/leaders/21660534-officials-have-been-given-enormous-discretion-corral-finance-has-costs-one-regulator
20150815_MAC383,20150815,Leaking oil,https://web.archive.org/web/20170221101919id_/http://cdn.static-economist.com/sites/default/files/images/print-edition/20150815_MAC383_0.png,https://www.economist.com/news/middle-east-and-africa/21661015-president-vows-clean-up-leaky-state-oil-firm-petrodollar-spill
20150815_USC384,20150815,A la Cubano,https://web.archive.org/web/20170221052852id_/http://cdn.static-economist.com/sites/default/files/images/print-edition/20150815_USC384.png,https://www.economist.com/news/united-states/21661021-despite-embargo-america-exports-plenty-goods-its-erstwhile-enemy-cuban-deals
20150815_USC387,20150815,Life on the street,https://web.archive.org/web/20170221032635id_/http://cdn.static-economist.com/sites/default/files/images/print-edition/20150815_USC387_0.png,https://www.economist.com/news/united-states/21661020-lack-trust-police-forces-contributing-spike-murder-rates-midsummer-murder
20150815_WWC404,20150815,Russia's GDP,https://web.archive.org/web/20220722055622id_/https://www.economist.com/img/b/1000/1061/90/sites/default/files/20150815_WWC404.png,https://www.economist.com/news/world-week/21661041-business-week
20150822_IRC471,20150822,Impunity,https://web.archive.org/web/20170221060237id_/http://cdn.static-economist.com/sites/default/files/images/print-edition/20150822_IRC471.png,https://www.economist.com/news/international/21661812-islamic-states-revival-slavery-extreme-though-it-finds-disquieting-echoes-across
20150829_FNC538,20150829,Core blimey,https://web.archive.org/web/20170929211347id_/https://cdn.static-economist.com/sites/default/files/images/print-edition/20150829_FNC538.png,https://www.economist.com/news/finance-and-economics/21662606-life-keeps-getting-harder-japans-central-bankers-core-concern
20150829_WBC539,20150829,Going online...,https://web.archive.org/web/20170218220541id_/http://cdn.static-economist.com/sites/default/files/images/print-edition/20150829_WBC539.png,https://www.economist.com/news/business/21662543-people-spend-more-time-social-media-advertisers-are-following-them-brand-new-game
20150829_WWC561,20150829,Market volatility,https://web.archive.org/web/20210421230034id_/https://www.economist.com/img/b/800/849/90/sites/default/files/20150829_WWC561.png,https://www.economist.com/news/world-week/21662605-business-week
20150905_AMC613,20150905,Boom goes bang,https://web.archive.org/web/20170621164143id_/https://cdn.static-economist.com/sites/default/files/images/print-edition/20150905_AMC613.png,https://www.economist.com/news/americas/21663252-beset-dismal-economic-data-dilma-rousseff-tosses-congress-challenge-desperate-times
20150905_EUC622,20150905,French surprise,https://web.archive.org/web/20190620064229id_/https://cdn.static-economist.com/sites/default/files/images/print-edition/20150905_EUC622.png,https://www.economist.com/news/europe/21663272-trade-unions-are-trying-find-their-post-austerity-voice-our-turn-eat
20150919_MAC791,20150919,Left behind,https://web.archive.org/web/20191003172210id_/https://www.economist.com/sites/default/files/images/print-edition/20150919_MAC791.png,https://www.economist.com/news/middle-east-and-africa/21665005-small-farmers-africa-need-produce-more-happily-easier-it
20150926_AMC826,20150926,Blood and God beat politics,https://web.archive.org/web/20170708192723id_/https://cdn.static-economist.com/sites/default/files/images/print-edition/20150926_AMC826.png,https://www.economist.com/news/americas/21666234-without-growth-there-nothing-distract-regions-endemic-ills-when-tide-goes
20150926_CNC876,20150926,Only the best,https://web.archive.org/web/20170708233532id_/https://cdn.static-economist.com/sites/default/files/images/print-edition/20150926_CNC876.png,https://www.economist.com/news/china/21667951-some-cities-are-lowering-barriers-internal-migrationfor-privileged-few-no-riff-raff
20151003_FBC111,20151003,Bamboo ceiling,https://web.archive.org/web/20170217144413id_/http://cdn.static-economist.com/sites/default/files/images/2015/09/articles/body/20151003_FBC111.png,https://www.economist.com/news/briefing/21669595-asian-americans-are-united-states-most-successful-minority-they-are-complaining-ever
20151003_FNC059,20151003,The Economist house-price indicators,https://web.archive.org/web/20170103024455id_/http://cdn.static-economist.com/sites/default/files/images/print-edition/20151003_FNC059_2.png,https://www.economist.com/news/finance-and-economics/21669967-house-prices-are-rise-again-around-world-upwardly-mobile
20151003_LDC072,20151003,Property taxes,https://web.archive.org/web/20170405143741id_/http://cdn.static-economist.com/sites/default/files/images/print-edition/20151003_LDC072.png,https://www.economist.com/news/leaders/21669957-what-two-worlds-great-cities-can-teach-each-other-about-how-tax-homes-welcome-new
20151003_MAC048,20151003,Zanu-PF's triumph,https://web.archive.org/web/20170707032933id_/https://cdn.static-economist.com/sites/default/files/images/print-edition/20151003_MAC048.png,https://www.economist.com/news/middle-east-and-africa/21669966-drought-and-weak-rand-may-do-more-decade-sanctions-spur
20151010_ASC099,20151010,Turning the lights on,https://web.archive.org/web/20170221124543id_/http://cdn.static-economist.com/sites/default/files/images/print-edition/20151010_ASC099.png,https://www.economist.com/news/asia/21672359-prime-minister-wants-india-grow-fast-over-next-20-years-china-has-over-past-20
20151010_ASC953,20151010,Which glide path to take?,https://web.archive.org/web/20170221113040id_/http://cdn.static-economist.com/sites/default/files/images/print-edition/20151010_ASC953.png,https://www.economist.com/news/asia/21672359-prime-minister-wants-india-grow-fast-over-next-20-years-china-has-over-past-20
20151010_CNC108,20151010,Who'd want this job?,https://web.archive.org/web/20170222061331id_/http://cdn.static-economist.com/sites/default/files/images/print-edition/20151010_CNC108.png,https://www.economist.com/news/china/21672331-former-chief-executive-hong-kong-arrested-anti-graft-officials-troubled-leaders
20151010_USC037,20151010,Nothing but a bird,https://web.archive.org/web/20220228232347id_/https://www.economist.com/img/b/1280/1320/90/sites/default/files/20151010_USC037_0.png,https://www.economist.com/news/united-states/21671150-how-temple-grandins-designs-have-reformed-meat-industry-jungle-no-more
20151017_AMC157,20151017,Harper's legacy,https://web.archive.org/web/20180317181623id_/https://cdn.static-economist.com/sites/default/files/images/print-edition/20151017_AMC157_6.png,https://www.economist.com/news/americas/21674834-stephen-harpers-long-tenure-prime-minister-may-be-nearing-its-close-struggling-stay-afloat
20151017_INC168,20151017,Merchant fleets,https://web.archive.org/web/20210502121711id_/https://www.economist.com/img/b/600/398/90/sites/default/files/20151017_INC168.png,https://www.economist.com/news/economic-and-financial-indicators/21674507-merchant-fleets
20151017_MAC165,20151017,Animal spirits,https://web.archive.org/web/20170704231549id_/https://cdn.static-economist.com/sites/default/files/images/print-edition/20151017_MAC165.png,https://www.economist.com/news/middle-east-and-africa/21674835-functional-part-dysfunctional-country-going-it-alone
20151017_STC142,20151017,Getting crispr,https://web.archive.org/web/20190908222859id_/https://cdn.static-economist.com/sites/default/files/images/print-edition/20151017_STC142.png,https://www.economist.com/news/science-and-technology/21674490-once-hyped-technology-starting-prove-its-worth-slopes-enlightenment
20151017_USC163,20151017,The wretched refuse,https://web.archive.org/web/20170706171146id_/https://cdn.static-economist.com/sites/default/files/images/print-edition/20151017_USC163.png,https://www.economist.com/news/united-states/21674694-america-should-reclaim-its-role-beacon-those-fleeing-persecution-and-war-yearning
20151024_BRC262,20151024,Weakling in the West,https://web.archive.org/web/20220330180939id_/https://www.economist.com/img/b/800/825/90/sites/default/files/20151024_BRC262_0.png,https://www.economist.com/news/britain/21676773-government-makes-big-bet-asias-rising-power-we-can-pivot-too
20151024_INC258,20151024,"Oil exporters, Middle East and N. Africa",https://web.archive.org/web/20230808040708id_/https://www.economist.com/img/b/1190/804/90/sites/default/files/20151024_INC258.png,https://www.economist.com/news/economic-and-financial-indicators/21676779-oil-exporters-middle-east-and-n-africa
20151024_LDC259,20151024,Charitable giving for research,https://web.archive.org/web/20170317224823id_/http://cdn.static-economist.com/sites/default/files/images/print-edition/20151024_LDC259.png,https://www.economist.com/news/leaders/21676771-fine-words-mental-health-should-be-matched-money-researchbut-not-just
20151031_BRC310,20151031,Cost-benefit analysis,https://web.archive.org/web/20170204133106id_/http://cdn.static-economist.com/sites/default/files/images/print-edition/20151031_BRC310.png,https://www.economist.com/news/britain/21677233-plan-cut-tax-credits-defeated-now-coming-up-face-saving-alternative-will-be
20151031_EUC321,20151031,Stuck in a rut,https://web.archive.org/web/20211227084627id_/https://www.economist.com/sites/default/files/images/print-edition/20151031_EUC321.png,https://www.economist.com/news/europe/21677227-country-long-admired-combining-democracy-and-islam-election-marred-violence-and
20151031_FNC318,20151031,From noise to signal,https://web.archive.org/web/20230808031213id_/https://www.economist.com/sites/default/files/images/print-edition/20151031_FNC318.png,https://www.economist.com/news/finance-and-economics/21677238-china-liberalises-interest-rates-last-letting-go
20151031_WWC338,20151031,Volkswagen,https://web.archive.org/web/20230808062621id_/https://www.economist.com/img/b/1280/1358/90/sites/default/files/20151031_WWC338.png,https://www.economist.com/news/world-week/21677266-business-week
20151107_MAC372,20151107,Failure to launch,https://web.archive.org/web/20170209134016id_/http://cdn.static-economist.com/sites/default/files/images/print-edition/20151107_MAC372_1.png,https://www.economist.com/news/middle-east-and-africa/21677633-there-long-road-ahead-africa-emulate-east-asia-more-marathon
